/*******************************************************************************
 * Size: 48 px
 * Bpp: 2
 * Opts: --bpp 2 --size 48 --no-compress --stride 1 --align 1 --font LabGrotesque_Bold.woff --symbols °µ→←ÁÉŐáéő --range 32-126 --format lvgl -o LabGrotesque_Bold_48.c
 ******************************************************************************/

#ifdef __has_include
    #if __has_include("lvgl.h")
        #ifndef LV_LVGL_H_INCLUDE_SIMPLE
            #define LV_LVGL_H_INCLUDE_SIMPLE
        #endif
    #endif
#endif

#ifdef LV_LVGL_H_INCLUDE_SIMPLE
    #include "lvgl.h"
#else
    #include "lvgl/lvgl.h"
#endif



#ifndef LABGROTESQUE_BOLD_48
#define LABGROTESQUE_BOLD_48 1
#endif

#if LABGROTESQUE_BOLD_48

/*-----------------
 *    BITMAPS
 *----------------*/

/*Store the image of the glyphs*/
static LV_ATTRIBUTE_LARGE_CONST const uint8_t glyph_bitmap_bold_48[] = {
    /* U+0020 " " */

    /* U+0021 "!" */
    0x3f, 0xff, 0x3f, 0xff, 0x3f, 0xff, 0x3f, 0xff,
    0x3f, 0xff, 0x3f, 0xff, 0x3f, 0xff, 0x3f, 0xff,
    0x3f, 0xff, 0x3f, 0xff, 0x3f, 0xff, 0x3f, 0xfe,
    0x3f, 0xfe, 0x2f, 0xfd, 0x2f, 0xfd, 0x1f, 0xfc,
    0x1f, 0xfc, 0xf, 0xfc, 0xf, 0xfc, 0xf, 0xf8,
    0xf, 0xf8, 0xb, 0xf4, 0xb, 0xf4, 0x0, 0x0,
    0x0, 0x0, 0x0, 0x0, 0x0, 0x0, 0x3f, 0xfe,
    0x3f, 0xff, 0x3f, 0xff, 0x3f, 0xff, 0x3f, 0xff,
    0x3f, 0xff, 0x3f, 0xff,

    /* U+0022 "\"" */
    0x0, 0x0, 0x0, 0x0, 0x2f, 0xfd, 0x1, 0xff,
    0xeb, 0xff, 0x40, 0x7f, 0xf9, 0xff, 0xd0, 0x1f,
    0xfe, 0x7f, 0xf4, 0x3, 0xff, 0x9f, 0xfc, 0x0,
    0xff, 0xd7, 0xff, 0x0, 0x3f, 0xf5, 0xff, 0xc0,
    0xf, 0xfd, 0x7f, 0xf0, 0x3, 0xff, 0x4f, 0xfc,
    0x0, 0xff, 0xd3, 0xff, 0x0, 0x3f, 0xf0, 0xff,
    0xc0, 0xf, 0xfc, 0x3f, 0xf0, 0x3, 0xff, 0xf,
    0xfc, 0x0, 0xff, 0xc0,

    /* U+0023 "#" */
    0x0, 0x0, 0xf, 0xf8, 0x0, 0x3f, 0xe0, 0x0,
    0x0, 0x3, 0xfd, 0x0, 0x1f, 0xf4, 0x0, 0x0,
    0x1, 0xff, 0x0, 0x7, 0xfc, 0x0, 0x0, 0x0,
    0xbf, 0xc0, 0x2, 0xff, 0x0, 0x0, 0x0, 0x3f,
    0xf0, 0x0, 0xff, 0x80, 0x0, 0x0, 0xf, 0xf8,
    0x0, 0x3f, 0xd0, 0x0, 0x0, 0x3, 0xfd, 0x0,
    0x1f, 0xf4, 0x0, 0x0, 0x1, 0xff, 0x0, 0xb,
    0xfc, 0x0, 0x0, 0xbf, 0xff, 0xff, 0xff, 0xff,
    0xff, 0x0, 0x3f, 0xff, 0xff, 0xff, 0xff, 0xff,
    0x80, 0xf, 0xff, 0xff, 0xff, 0xff, 0xff, 0xd0,
    0x7, 0xff, 0xff, 0xff, 0xff, 0xff, 0xf0, 0x0,
    0x2, 0xff, 0x0, 0xb, 0xfc, 0x0, 0x0, 0x0,
    0xbf, 0xc0, 0x3, 0xff, 0x0, 0x0, 0x0, 0x3f,
    0xe0, 0x0, 0xff, 0x80, 0x0, 0x0, 0xf, 0xf4,
    0x0, 0x7f, 0xd0, 0x0, 0x0, 0x7, 0xfc, 0x0,
    0x1f, 0xf0, 0x0, 0x0, 0x2, 0xff, 0x0, 0xb,
    0xfc, 0x0, 0x0, 0x0, 0xff, 0xc0, 0x3, 0xfe,
    0x0, 0x0, 0x0, 0x3f, 0xe0, 0x0, 0xff, 0x40,
    0x0, 0x1f, 0xff, 0xff, 0xff, 0xff, 0xff, 0xd0,
    0xb, 0xff, 0xff, 0xff, 0xff, 0xff, 0xf0, 0x3,
    0xff, 0xff, 0xff, 0xff, 0xff, 0xfc, 0x0, 0xff,
    0xff, 0xff, 0xff, 0xff, 0xfe, 0x0, 0x0, 0x3f,
    0xd0, 0x0, 0xff, 0x40, 0x0, 0x0, 0x1f, 0xf4,
    0x0, 0x7f, 0xc0, 0x0, 0x0, 0xb, 0xfc, 0x0,
    0x2f, 0xf0, 0x0, 0x0, 0x3, 0xff, 0x0, 0xf,
    0xf8, 0x0, 0x0, 0x0, 0xff, 0x80, 0x3, 0xfe,
    0x0, 0x0, 0x0, 0x3f, 0xd0, 0x1, 0xff, 0x40,
    0x0, 0x0, 0x1f, 0xf0, 0x0, 0xbf, 0xc0, 0x0,
    0x0, 0xb, 0xfc, 0x0, 0x2f, 0xf0, 0x0, 0x0,

    /* U+0024 "$" */
    0x0, 0x0, 0x0, 0x6a, 0x80, 0x0, 0x0, 0x0,
    0x0, 0x0, 0x7f, 0xc0, 0x0, 0x0, 0x0, 0x0,
    0x0, 0x7f, 0xc0, 0x0, 0x0, 0x0, 0x0, 0x0,
    0x7f, 0xc0, 0x0, 0x0, 0x0, 0x0, 0x5, 0xff,
    0xe4, 0x0, 0x0, 0x0, 0x0, 0xbf, 0xff, 0xff,
    0xd0, 0x0, 0x0, 0x7, 0xff, 0xff, 0xff, 0xfd,
    0x0, 0x0, 0x2f, 0xff, 0xff, 0xff, 0xff, 0x80,
    0x0, 0xbf, 0xff, 0xff, 0xff, 0xff, 0xf0, 0x1,
    0xff, 0xff, 0xff, 0xff, 0xff, 0xf8, 0x3, 0xff,
    0xf8, 0x7f, 0xc7, 0xff, 0xe0, 0x3, 0xff, 0xd0,
    0x7f, 0xc0, 0x7f, 0xc0, 0x7, 0xff, 0xc0, 0x7f,
    0xc0, 0xf, 0x0, 0x7, 0xff, 0x80, 0x7f, 0xc0,
    0x0, 0x0, 0x7, 0xff, 0xc0, 0x7f, 0xc0, 0x0,
    0x0, 0x7, 0xff, 0xd0, 0x7f, 0xc0, 0x0, 0x0,
    0x3, 0xff, 0xf8, 0x7f, 0xc0, 0x0, 0x0, 0x2,
    0xff, 0xff, 0xff, 0xc0, 0x0, 0x0, 0x0, 0xff,
    0xff, 0xff, 0xd0, 0x0, 0x0, 0x0, 0x7f, 0xff,
    0xff, 0xff, 0x40, 0x0, 0x0, 0xf, 0xff, 0xff,
    0xff, 0xf8, 0x0, 0x0, 0x1, 0xff, 0xff, 0xff,
    0xff, 0x0, 0x0, 0x0, 0xb, 0xff, 0xff, 0xff,
    0xd0, 0x0, 0x0, 0x0, 0x7f, 0xff, 0xff, 0xf0,
    0x0, 0x0, 0x0, 0x7f, 0xef, 0xff, 0xf4, 0x0,
    0x0, 0x0, 0x7f, 0xc2, 0xff, 0xfc, 0x0, 0x0,
    0x0, 0x7f, 0xc0, 0xbf, 0xfc, 0x0, 0x0, 0x0,
    0x7f, 0xc0, 0x3f, 0xfc, 0x0, 0x60, 0x0, 0x7f,
    0xc0, 0x3f, 0xfc, 0x1, 0xf8, 0x0, 0x7f, 0xc0,
    0x7f, 0xfc, 0x7, 0xff, 0x0, 0x7f, 0xc0, 0xbf,
    0xfc, 0x1f, 0xff, 0xe0, 0x7f, 0xc2, 0xff, 0xf4,
    0x2f, 0xff, 0xff, 0xff, 0xef, 0xff, 0xf0, 0x7,
    0xff, 0xff, 0xff, 0xff, 0xff, 0xd0, 0x1, 0xff,
    0xff, 0xff, 0xff, 0xff, 0x80, 0x0, 0x2f, 0xff,
    0xff, 0xff, 0xfd, 0x0, 0x0, 0x2, 0xff, 0xff,
    0xff, 0xe0, 0x0, 0x0, 0x0, 0x1b, 0xff, 0xf9,
    0x0, 0x0, 0x0, 0x0, 0x0, 0x7f, 0xc0, 0x0,
    0x0, 0x0, 0x0, 0x0, 0x7f, 0xc0, 0x0, 0x0,
    0x0, 0x0, 0x0, 0x7f, 0xc0, 0x0, 0x0, 0x0,
    0x0, 0x0, 0x7f, 0xc0, 0x0, 0x0,

    /* U+0025 "%" */
    0x0, 0x0, 0x0, 0x0, 0x0, 0x0, 0x0, 0x0,
    0x0, 0x0, 0x2, 0xff, 0x90, 0x0, 0x0, 0x0,
    0xf, 0x0, 0x0, 0x1, 0xff, 0xff, 0xc0, 0x0,
    0x0, 0x1, 0xfe, 0x0, 0x0, 0xbf, 0xff, 0xff,
    0x40, 0x0, 0x0, 0x3f, 0xf0, 0x0, 0x1f, 0xff,
    0xff, 0xfc, 0x0, 0x0, 0xf, 0xfd, 0x0, 0x3,
    0xff, 0x0, 0x7f, 0xe0, 0x0, 0x2, 0xff, 0x80,
    0x0, 0x7f, 0xd0, 0x2, 0xff, 0x0, 0x0, 0x7f,
    0xf0, 0x0, 0x7, 0xfc, 0x0, 0xf, 0xf4, 0x0,
    0xf, 0xfc, 0x0, 0x0, 0xbf, 0x80, 0x0, 0xff,
    0x40, 0x3, 0xff, 0x40, 0x0, 0xb, 0xfc, 0x0,
    0xf, 0xf4, 0x0, 0xbf, 0xe0, 0x0, 0x0, 0x7f,
    0xc0, 0x0, 0xff, 0x0, 0xf, 0xfc, 0x0, 0x0,
    0x3, 0xfd, 0x0, 0x2f, 0xf0, 0x3, 0xff, 0x40,
    0x0, 0x0, 0x3f, 0xf4, 0xb, 0xfe, 0x0, 0xbf,
    0xe0, 0x0, 0x0, 0x0, 0xff, 0xff, 0xff, 0xc0,
    0x1f, 0xfc, 0x0, 0x0, 0x0, 0x7, 0xff, 0xff,
    0xf0, 0x3, 0xff, 0x0, 0x0, 0x0, 0x0, 0xf,
    0xff, 0xf8, 0x0, 0xff, 0xd0, 0x0, 0x0, 0x0,
    0x0, 0xa, 0xa4, 0x0, 0x2f, 0xf8, 0x0, 0x0,
    0x0, 0x0, 0x0, 0x0, 0x0, 0x7, 0xff, 0x0,
    0x0, 0x0, 0x0, 0x0, 0x0, 0x0, 0x0, 0xff,
    0xc0, 0x1, 0xaa, 0x40, 0x0, 0x0, 0x0, 0x0,
    0x2f, 0xf4, 0x1, 0xff, 0xff, 0x40, 0x0, 0x0,
    0x0, 0x7, 0xff, 0x0, 0xbf, 0xff, 0xfe, 0x0,
    0x0, 0x0, 0x0, 0xff, 0xc0, 0x2f, 0xff, 0xff,
    0xf4, 0x0, 0x0, 0x0, 0x3f, 0xf4, 0x3, 0xff,
    0x41, 0xff, 0xc0, 0x0, 0x0, 0xb, 0xfe, 0x0,
    0xbf, 0xc0, 0x3, 0xfe, 0x0, 0x0, 0x1, 0xff,
    0xc0, 0xf, 0xf8, 0x0, 0x2f, 0xf0, 0x0, 0x0,
    0x3f, 0xf0, 0x0, 0xff, 0x40, 0x1, 0xff, 0x0,
    0x0, 0xb, 0xfd, 0x0, 0xf, 0xf4, 0x0, 0x1f,
    0xf0, 0x0, 0x1, 0xff, 0x80, 0x0, 0xff, 0x40,
    0x2, 0xff, 0x0, 0x0, 0x3f, 0xf0, 0x0, 0xb,
    0xfc, 0x0, 0x3f, 0xe0, 0x0, 0xf, 0xfd, 0x0,
    0x0, 0x7f, 0xe0, 0xb, 0xfc, 0x0, 0x2, 0xff,
    0x80, 0x0, 0x3, 0xff, 0xff, 0xff, 0x80, 0x0,
    0x7f, 0xf0, 0x0, 0x0, 0xf, 0xff, 0xff, 0xf0,
    0x0, 0x3, 0xfc, 0x0, 0x0, 0x0, 0x3f, 0xff,
    0xf8, 0x0, 0x0, 0x7, 0x40, 0x0, 0x0, 0x0,
    0x6f, 0xf8, 0x0, 0x0, 0x0, 0x0, 0x0, 0x0,
    0x0, 0x0, 0x0, 0x0, 0x0,

    /* U+0026 "&" */
    0x0, 0x0, 0x1, 0xbf, 0xf9, 0x0, 0x0, 0x0,
    0x0, 0x0, 0x0, 0xff, 0xff, 0xfd, 0x0, 0x0,
    0x0, 0x0, 0x0, 0x7f, 0xff, 0xff, 0xf4, 0x0,
    0x0, 0x0, 0x0, 0x1f, 0xff, 0xff, 0xff, 0xd0,
    0x0, 0x0, 0x0, 0x3, 0xff, 0xfa, 0xbf, 0xff,
    0x0, 0x0, 0x0, 0x0, 0x7f, 0xfc, 0x0, 0xff,
    0xf4, 0x0, 0x0, 0x0, 0xb, 0xff, 0x40, 0x3,
    0xff, 0x80, 0x0, 0x0, 0x0, 0xff, 0xf0, 0x0,
    0x3f, 0xfc, 0x0, 0x0, 0x0, 0xb, 0xff, 0x0,
    0x3, 0xff, 0x80, 0x0, 0x0, 0x0, 0xbf, 0xf4,
    0x0, 0x7f, 0xf8, 0x0, 0x0, 0x0, 0x7, 0xff,
    0xc0, 0xf, 0xff, 0x0, 0x0, 0x0, 0x0, 0x3f,
    0xfe, 0x7, 0xff, 0xf0, 0x0, 0x0, 0x0, 0x1,
    0xff, 0xfa, 0xff, 0xfc, 0x0, 0x0, 0x0, 0x0,
    0xf, 0xff, 0xff, 0xff, 0x0, 0x0, 0x0, 0x0,
    0x0, 0x3f, 0xff, 0xff, 0xc0, 0x0, 0x0, 0x0,
    0x0, 0x3, 0xff, 0xff, 0xe0, 0x0, 0x0, 0x0,
    0x0, 0x2, 0xff, 0xff, 0xf4, 0x0, 0x0, 0x0,
    0x0, 0x0, 0xff, 0xff, 0xff, 0xc0, 0x0, 0x38,
    0x0, 0x0, 0x7f, 0xff, 0xff, 0xff, 0x0, 0xf,
    0xf0, 0x0, 0x1f, 0xff, 0xe3, 0xff, 0xf8, 0x2,
    0xff, 0xd0, 0x7, 0xff, 0xf4, 0xf, 0xff, 0xe0,
    0xbf, 0xfd, 0x0, 0xff, 0xfc, 0x0, 0x3f, 0xff,
    0x5f, 0xff, 0x80, 0x1f, 0xff, 0x0, 0x0, 0xff,
    0xff, 0xff, 0xf0, 0x3, 0xff, 0xe0, 0x0, 0x7,
    0xff, 0xff, 0xfc, 0x0, 0x3f, 0xfd, 0x0, 0x0,
    0x1f, 0xff, 0xff, 0x0, 0x3, 0xff, 0xc0, 0x0,
    0x0, 0xbf, 0xff, 0xd0, 0x0, 0x3f, 0xfd, 0x0,
    0x0, 0x3, 0xff, 0xfc, 0x0, 0x3, 0xff, 0xf0,
    0x0, 0x0, 0xff, 0xff, 0xe0, 0x0, 0x2f, 0xff,
    0x80, 0x0, 0x7f, 0xff, 0xff, 0x80, 0x1, 0xff,
    0xff, 0x41, 0x7f, 0xff, 0xff, 0xfe, 0x0, 0xb,
    0xff, 0xff, 0xff, 0xff, 0xff, 0xff, 0xf4, 0x0,
    0x3f, 0xff, 0xff, 0xff, 0xfe, 0x1f, 0xff, 0xd0,
    0x0, 0xff, 0xff, 0xff, 0xff, 0x40, 0x7f, 0xff,
    0x40, 0x1, 0xff, 0xff, 0xff, 0x80, 0x1, 0xff,
    0xfc, 0x0, 0x1, 0xbf, 0xfe, 0x40, 0x0, 0x0,
    0x0, 0x0,

    /* U+0027 "'" */
    0x0, 0x2, 0xff, 0xdb, 0xff, 0x5f, 0xfd, 0x7f,
    0xf5, 0xff, 0xc7, 0xff, 0x1f, 0xfc, 0x7f, 0xf0,
    0xff, 0xc3, 0xff, 0xf, 0xfc, 0x3f, 0xf0, 0xff,
    0xc0,

    /* U+0028 "(" */
    0x0, 0x0, 0x0, 0x0, 0x0, 0x0, 0x34, 0x0,
    0x0, 0x3, 0xf8, 0x0, 0x0, 0x2f, 0xfc, 0x0,
    0x1, 0xff, 0xf0, 0x0, 0xf, 0xff, 0x40, 0x0,
    0xff, 0xf8, 0x0, 0x7, 0xff, 0xc0, 0x0, 0x3f,
    0xfd, 0x0, 0x2, 0xff, 0xf0, 0x0, 0xf, 0xff,
    0x0, 0x0, 0xbf, 0xf8, 0x0, 0x3, 0xff, 0xc0,
    0x0, 0x1f, 0xfe, 0x0, 0x0, 0xff, 0xf4, 0x0,
    0x3, 0xff, 0xc0, 0x0, 0x1f, 0xfe, 0x0, 0x0,
    0xbf, 0xf4, 0x0, 0x2, 0xff, 0xd0, 0x0, 0xf,
    0xff, 0x0, 0x0, 0x3f, 0xfc, 0x0, 0x0, 0xff,
    0xf0, 0x0, 0x3, 0xff, 0xc0, 0x0, 0xf, 0xff,
    0x0, 0x0, 0x3f, 0xfc, 0x0, 0x0, 0xff, 0xf0,
    0x0, 0x3, 0xff, 0xc0, 0x0, 0xf, 0xff, 0x0,
    0x0, 0x2f, 0xfd, 0x0, 0x0, 0xbf, 0xf8, 0x0,
    0x1, 0xff, 0xe0, 0x0, 0x3, 0xff, 0xc0, 0x0,
    0xf, 0xff, 0x40, 0x0, 0x1f, 0xff, 0x0, 0x0,
    0x3f, 0xfd, 0x0, 0x0, 0xbf, 0xf8, 0x0, 0x0,
    0xff, 0xf4, 0x0, 0x2, 0xff, 0xf0, 0x0, 0x3,
    0xff, 0xd0, 0x0, 0x7, 0xff, 0xc0, 0x0, 0xb,
    0xff, 0x80, 0x0, 0xf, 0xff, 0x40, 0x0, 0x1f,
    0xff, 0x0, 0x0, 0x2f, 0xfc, 0x0, 0x0, 0x2f,
    0x80, 0x0, 0x0, 0x24, 0x0,

    /* U+0029 ")" */
    0x0, 0x0, 0x0, 0x0, 0x38, 0x0, 0x0, 0x1f,
    0xd0, 0x0, 0xb, 0xff, 0x40, 0x0, 0x7f, 0xfc,
    0x0, 0x2, 0xff, 0xf0, 0x0, 0xf, 0xff, 0x40,
    0x0, 0x7f, 0xfc, 0x0, 0x3, 0xff, 0xe0, 0x0,
    0xf, 0xff, 0x0, 0x0, 0xbf, 0xf8, 0x0, 0x3,
    0xff, 0xc0, 0x0, 0x2f, 0xfe, 0x0, 0x0, 0xff,
    0xf0, 0x0, 0xf, 0xff, 0x40, 0x0, 0x7f, 0xf8,
    0x0, 0x3, 0xff, 0xc0, 0x0, 0x3f, 0xfc, 0x0,
    0x2, 0xff, 0xc0, 0x0, 0x2f, 0xfd, 0x0, 0x1,
    0xff, 0xd0, 0x0, 0x1f, 0xfe, 0x0, 0x1, 0xff,
    0xe0, 0x0, 0x1f, 0xfe, 0x0, 0x1, 0xff, 0xe0,
    0x0, 0x1f, 0xfe, 0x0, 0x2, 0xff, 0xd0, 0x0,
    0x2f, 0xfd, 0x0, 0x3, 0xff, 0xc0, 0x0, 0x3f,
    0xfc, 0x0, 0x7, 0xff, 0xc0, 0x0, 0xbf, 0xf4,
    0x0, 0xf, 0xff, 0x0, 0x1, 0xff, 0xf0, 0x0,
    0x3f, 0xfd, 0x0, 0x7, 0xff, 0xc0, 0x0, 0xff,
    0xf4, 0x0, 0x1f, 0xff, 0x0, 0x3, 0xff, 0xd0,
    0x0, 0xbf, 0xfc, 0x0, 0x1f, 0xff, 0x0, 0x3,
    0xff, 0xd0, 0x0, 0xbf, 0xf8, 0x0, 0x3, 0xff,
    0x0, 0x0, 0xb, 0xc0, 0x0, 0x0, 0x10, 0x0,
    0x0,

    /* U+002A "*" */
    0x0, 0x2, 0xfd, 0x0, 0x0, 0x0, 0xb, 0xf4,
    0x0, 0x0, 0x0, 0x2f, 0xd0, 0x0, 0x0, 0x0,
    0xbf, 0x40, 0x0, 0xd, 0x2, 0xfd, 0x1, 0xc0,
    0x7f, 0xdb, 0xf9, 0xff, 0x42, 0xff, 0xff, 0xff,
    0xfe, 0xb, 0xff, 0xff, 0xff, 0xf8, 0x1, 0xbf,
    0xff, 0xf9, 0x0, 0x0, 0x2f, 0xfe, 0x0, 0x0,
    0x1, 0xff, 0xfd, 0x0, 0x0, 0xf, 0xfb, 0xfc,
    0x0, 0x0, 0xff, 0x8b, 0xfc, 0x0, 0xf, 0xfc,
    0xf, 0xfc, 0x0, 0x1f, 0xc0, 0xf, 0xd0, 0x0,
    0xd, 0x0, 0x1c, 0x0, 0x0, 0x0, 0x0, 0x0,
    0x0,

    /* U+002B "+" */
    0x0, 0x0, 0x2, 0xaa, 0x0, 0x0, 0x0, 0x0,
    0x0, 0x7f, 0xf0, 0x0, 0x0, 0x0, 0x0, 0x7,
    0xff, 0x0, 0x0, 0x0, 0x0, 0x0, 0x7f, 0xf0,
    0x0, 0x0, 0x0, 0x0, 0x7, 0xff, 0x0, 0x0,
    0x0, 0x0, 0x0, 0x7f, 0xf0, 0x0, 0x0, 0x0,
    0x0, 0x7, 0xff, 0x0, 0x0, 0x0, 0x0, 0x0,
    0x7f, 0xf0, 0x0, 0x0, 0x0, 0x0, 0x7, 0xff,
    0x0, 0x0, 0x0, 0x0, 0x0, 0x7f, 0xf0, 0x0,
    0x0, 0x3f, 0xff, 0xff, 0xff, 0xff, 0xff, 0xf3,
    0xff, 0xff, 0xff, 0xff, 0xff, 0xff, 0x3f, 0xff,
    0xff, 0xff, 0xff, 0xff, 0xf3, 0xff, 0xff, 0xff,
    0xff, 0xff, 0xff, 0x3f, 0xff, 0xff, 0xff, 0xff,
    0xff, 0xf1, 0x55, 0x55, 0xbf, 0xf5, 0x55, 0x55,
    0x0, 0x0, 0x7, 0xff, 0x0, 0x0, 0x0, 0x0,
    0x0, 0x7f, 0xf0, 0x0, 0x0, 0x0, 0x0, 0x7,
    0xff, 0x0, 0x0, 0x0, 0x0, 0x0, 0x7f, 0xf0,
    0x0, 0x0, 0x0, 0x0, 0x7, 0xff, 0x0, 0x0,
    0x0, 0x0, 0x0, 0x7f, 0xf0, 0x0, 0x0, 0x0,
    0x0, 0x7, 0xff, 0x0, 0x0, 0x0, 0x0, 0x0,
    0x7f, 0xf0, 0x0, 0x0, 0x0, 0x0, 0x7, 0xff,
    0x0, 0x0, 0x0,

    /* U+002C "," */
    0xbf, 0xfe, 0xbf, 0xfe, 0xbf, 0xfe, 0xbf, 0xfe,
    0xbf, 0xfe, 0xbf, 0xfe, 0xbf, 0xfe, 0x2, 0xfd,
    0x3, 0xfc, 0xb, 0xf0, 0xf, 0xe0, 0x2f, 0xc0,
    0x3f, 0x80, 0xbf, 0x0,

    /* U+002D "-" */
    0x6a, 0xaa, 0xaa, 0xa8, 0xbf, 0xff, 0xff, 0xfd,
    0xbf, 0xff, 0xff, 0xfd, 0xbf, 0xff, 0xff, 0xfd,
    0xbf, 0xff, 0xff, 0xfd, 0xbf, 0xff, 0xff, 0xfd,

    /* U+002E "." */
    0xbf, 0xfc, 0xbf, 0xfc, 0xbf, 0xfc, 0xbf, 0xfc,
    0xbf, 0xfc, 0xbf, 0xfc, 0xbf, 0xfc,

    /* U+002F "/" */
    0x0, 0x0, 0x0, 0x1, 0xaa, 0x90, 0x0, 0x0,
    0x0, 0x3f, 0xfd, 0x0, 0x0, 0x0, 0x7, 0xff,
    0xc0, 0x0, 0x0, 0x0, 0xbf, 0xf4, 0x0, 0x0,
    0x0, 0xf, 0xff, 0x0, 0x0, 0x0, 0x2, 0xff,
    0xe0, 0x0, 0x0, 0x0, 0x3f, 0xfc, 0x0, 0x0,
    0x0, 0xb, 0xff, 0x80, 0x0, 0x0, 0x0, 0xff,
    0xf0, 0x0, 0x0, 0x0, 0x1f, 0xff, 0x0, 0x0,
    0x0, 0x3, 0xff, 0xd0, 0x0, 0x0, 0x0, 0x7f,
    0xfc, 0x0, 0x0, 0x0, 0xb, 0xff, 0x40, 0x0,
    0x0, 0x0, 0xff, 0xf0, 0x0, 0x0, 0x0, 0x2f,
    0xfe, 0x0, 0x0, 0x0, 0x3, 0xff, 0xc0, 0x0,
    0x0, 0x0, 0xbf, 0xf8, 0x0, 0x0, 0x0, 0xf,
    0xff, 0x0, 0x0, 0x0, 0x1, 0xff, 0xf0, 0x0,
    0x0, 0x0, 0x3f, 0xfd, 0x0, 0x0, 0x0, 0x7,
    0xff, 0xc0, 0x0, 0x0, 0x0, 0xbf, 0xf4, 0x0,
    0x0, 0x0, 0xf, 0xff, 0x0, 0x0, 0x0, 0x2,
    0xff, 0xe0, 0x0, 0x0, 0x0, 0x3f, 0xfc, 0x0,
    0x0, 0x0, 0xb, 0xff, 0x80, 0x0, 0x0, 0x0,
    0xff, 0xf0, 0x0, 0x0, 0x0, 0x1f, 0xff, 0x0,
    0x0, 0x0, 0x3, 0xff, 0xd0, 0x0, 0x0, 0x0,
    0x7f, 0xfc, 0x0, 0x0, 0x0, 0xb, 0xff, 0x40,
    0x0, 0x0, 0x0, 0xff, 0xf0, 0x0, 0x0, 0x0,
    0x2f, 0xfe, 0x0, 0x0, 0x0, 0x3, 0xff, 0xc0,
    0x0, 0x0, 0x0,

    /* U+0030 "0" */
    0x0, 0x0, 0x1b, 0xff, 0x90, 0x0, 0x0, 0x0,
    0x2f, 0xff, 0xff, 0xd0, 0x0, 0x0, 0x1f, 0xff,
    0xff, 0xff, 0x80, 0x0, 0x7, 0xff, 0xff, 0xff,
    0xfe, 0x0, 0x0, 0xff, 0xff, 0xff, 0xff, 0xf8,
    0x0, 0x3f, 0xff, 0xe9, 0xbf, 0xff, 0xc0, 0x7,
    0xff, 0xf0, 0x0, 0xbf, 0xfe, 0x0, 0xff, 0xfc,
    0x0, 0x3, 0xff, 0xf0, 0x1f, 0xff, 0x80, 0x0,
    0x1f, 0xff, 0x82, 0xff, 0xf0, 0x0, 0x0, 0xff,
    0xfc, 0x3f, 0xff, 0x0, 0x0, 0x7, 0xff, 0xc3,
    0xff, 0xe0, 0x0, 0x0, 0x3f, 0xfd, 0x3f, 0xfd,
    0x0, 0x0, 0x3, 0xff, 0xe7, 0xff, 0xc0, 0x0,
    0x0, 0x3f, 0xfe, 0x7f, 0xfc, 0x0, 0x0, 0x3,
    0xff, 0xf7, 0xff, 0xc0, 0x0, 0x0, 0x3f, 0xff,
    0xbf, 0xfc, 0x0, 0x0, 0x2, 0xff, 0xfb, 0xff,
    0xc0, 0x0, 0x0, 0x2f, 0xff, 0x7f, 0xfc, 0x0,
    0x0, 0x3, 0xff, 0xf7, 0xff, 0xc0, 0x0, 0x0,
    0x3f, 0xff, 0x7f, 0xfc, 0x0, 0x0, 0x3, 0xff,
    0xe3, 0xff, 0xd0, 0x0, 0x0, 0x3f, 0xfe, 0x3f,
    0xfe, 0x0, 0x0, 0x7, 0xff, 0xd3, 0xff, 0xf0,
    0x0, 0x0, 0x7f, 0xfc, 0x2f, 0xff, 0x0, 0x0,
    0xf, 0xff, 0xc1, 0xff, 0xf8, 0x0, 0x1, 0xff,
    0xf8, 0xf, 0xff, 0xc0, 0x0, 0x3f, 0xff, 0x0,
    0x7f, 0xff, 0x0, 0xf, 0xff, 0xe0, 0x3, 0xff,
    0xfe, 0xab, 0xff, 0xfc, 0x0, 0xf, 0xff, 0xff,
    0xff, 0xff, 0x80, 0x0, 0x7f, 0xff, 0xff, 0xff,
    0xe0, 0x0, 0x1, 0xff, 0xff, 0xff, 0xf8, 0x0,
    0x0, 0x2, 0xff, 0xff, 0xfd, 0x0, 0x0, 0x0,
    0x1, 0xbf, 0xf9, 0x0, 0x0,

    /* U+0031 "1" */
    0x0, 0x0, 0x0, 0x0, 0x0, 0x0, 0x3, 0xff,
    0xc0, 0x0, 0x7, 0xff, 0xf0, 0x0, 0xb, 0xff,
    0xfc, 0x0, 0x1f, 0xff, 0xff, 0x0, 0x2f, 0xff,
    0xff, 0xc0, 0x3f, 0xff, 0xff, 0xf0, 0x7f, 0xff,
    0xff, 0xfc, 0x3f, 0xff, 0xff, 0xff, 0x3, 0xff,
    0xd7, 0xff, 0xc0, 0x7f, 0x81, 0xff, 0xf0, 0xb,
    0x40, 0x7f, 0xfc, 0x0, 0x0, 0x1f, 0xff, 0x0,
    0x0, 0x7, 0xff, 0xc0, 0x0, 0x1, 0xff, 0xf0,
    0x0, 0x0, 0x7f, 0xfc, 0x0, 0x0, 0x1f, 0xff,
    0x0, 0x0, 0x7, 0xff, 0xc0, 0x0, 0x1, 0xff,
    0xf0, 0x0, 0x0, 0x7f, 0xfc, 0x0, 0x0, 0x1f,
    0xff, 0x0, 0x0, 0x7, 0xff, 0xc0, 0x0, 0x1,
    0xff, 0xf0, 0x0, 0x0, 0x7f, 0xfc, 0x0, 0x0,
    0x1f, 0xff, 0x0, 0x0, 0x7, 0xff, 0xc0, 0x0,
    0x1, 0xff, 0xf0, 0x0, 0x0, 0x7f, 0xfc, 0x0,
    0x0, 0x1f, 0xff, 0x0, 0x0, 0x7, 0xff, 0xc0,
    0x0, 0x1, 0xff, 0xf0, 0x0, 0x0, 0x7f, 0xfc,
    0x0, 0x0, 0x1f, 0xff, 0x0,

    /* U+0032 "2" */
    0x0, 0x0, 0x1b, 0xff, 0xe4, 0x0, 0x0, 0x0,
    0x2f, 0xff, 0xff, 0xf8, 0x0, 0x0, 0x1f, 0xff,
    0xff, 0xff, 0xf0, 0x0, 0x7, 0xff, 0xff, 0xff,
    0xff, 0xc0, 0x2, 0xff, 0xff, 0xff, 0xff, 0xff,
    0x0, 0x7f, 0xff, 0xf9, 0x6f, 0xff, 0xf4, 0x1f,
    0xff, 0xf4, 0x0, 0x2f, 0xff, 0xc3, 0xff, 0xfc,
    0x0, 0x0, 0xbf, 0xfc, 0xb, 0xff, 0x0, 0x0,
    0x3, 0xff, 0xd0, 0x1f, 0xc0, 0x0, 0x0, 0x3f,
    0xfd, 0x0, 0x20, 0x0, 0x0, 0x3, 0xff, 0xd0,
    0x0, 0x0, 0x0, 0x0, 0x7f, 0xfc, 0x0, 0x0,
    0x0, 0x0, 0xf, 0xff, 0xc0, 0x0, 0x0, 0x0,
    0x3, 0xff, 0xf8, 0x0, 0x0, 0x0, 0x1, 0xff,
    0xff, 0x0, 0x0, 0x0, 0x0, 0xbf, 0xff, 0xd0,
    0x0, 0x0, 0x0, 0xbf, 0xff, 0xf8, 0x0, 0x0,
    0x0, 0x7f, 0xff, 0xfd, 0x0, 0x0, 0x0, 0x3f,
    0xff, 0xff, 0x0, 0x0, 0x0, 0x1f, 0xff, 0xff,
    0x40, 0x0, 0x0, 0xf, 0xff, 0xff, 0x80, 0x0,
    0x0, 0x3, 0xff, 0xff, 0xc0, 0x0, 0x0, 0x0,
    0xff, 0xff, 0xd0, 0x0, 0x0, 0x0, 0x3f, 0xff,
    0xe0, 0x0, 0x0, 0x0, 0xb, 0xff, 0xf0, 0x0,
    0x0, 0x0, 0x0, 0xff, 0xfc, 0x0, 0x0, 0x0,
    0x0, 0x2f, 0xff, 0x0, 0x0, 0x0, 0x0, 0x3,
    0xff, 0xf5, 0x55, 0x55, 0x55, 0x54, 0x3f, 0xff,
    0xff, 0xff, 0xff, 0xff, 0xd3, 0xff, 0xff, 0xff,
    0xff, 0xff, 0xfd, 0x3f, 0xff, 0xff, 0xff, 0xff,
    0xff, 0xd3, 0xff, 0xff, 0xff, 0xff, 0xff, 0xfd,
    0x3f, 0xff, 0xff, 0xff, 0xff, 0xff, 0xd0,

    /* U+0033 "3" */
    0x7, 0xff, 0xff, 0xff, 0xff, 0xff, 0x80, 0x7f,
    0xff, 0xff, 0xff, 0xff, 0xf8, 0x7, 0xff, 0xff,
    0xff, 0xff, 0xff, 0x80, 0x7f, 0xff, 0xff, 0xff,
    0xff, 0xf8, 0x7, 0xff, 0xff, 0xff, 0xff, 0xff,
    0x80, 0x15, 0x55, 0x55, 0x5f, 0xff, 0xf4, 0x0,
    0x0, 0x0, 0x2, 0xff, 0xfc, 0x0, 0x0, 0x0,
    0x0, 0xbf, 0xff, 0x0, 0x0, 0x0, 0x0, 0x3f,
    0xff, 0x80, 0x0, 0x0, 0x0, 0xf, 0xff, 0xe0,
    0x0, 0x0, 0x0, 0x7, 0xff, 0xf8, 0x0, 0x0,
    0x0, 0x1, 0xff, 0xfd, 0x0, 0x0, 0x0, 0x0,
    0xbf, 0xff, 0x40, 0x0, 0x0, 0x0, 0x2f, 0xff,
    0xff, 0x90, 0x0, 0x0, 0x7, 0xff, 0xff, 0xff,
    0xe0, 0x0, 0x0, 0x3f, 0xff, 0xff, 0xff, 0xc0,
    0x0, 0x0, 0xff, 0xff, 0xff, 0xff, 0x0, 0x0,
    0x7, 0xaa, 0xbf, 0xff, 0xf8, 0x0, 0x0, 0x0,
    0x0, 0x3f, 0xff, 0xc0, 0x0, 0x0, 0x0, 0x0,
    0xbf, 0xfd, 0x0, 0x0, 0x0, 0x0, 0x3, 0xff,
    0xe0, 0x0, 0x0, 0x0, 0x0, 0x3f, 0xfe, 0x0,
    0x0, 0x0, 0x0, 0x2, 0xff, 0xf0, 0x0, 0x0,
    0x0, 0x0, 0x3f, 0xfe, 0x0, 0x40, 0x0, 0x0,
    0x3, 0xff, 0xe0, 0x2f, 0x40, 0x0, 0x0, 0xbf,
    0xfd, 0x7, 0xff, 0x40, 0x0, 0x2f, 0xff, 0xc0,
    0xff, 0xff, 0xe9, 0xaf, 0xff, 0xf4, 0x3f, 0xff,
    0xff, 0xff, 0xff, 0xfe, 0x0, 0xff, 0xff, 0xff,
    0xff, 0xff, 0xc0, 0x1, 0xff, 0xff, 0xff, 0xff,
    0xe0, 0x0, 0x1, 0xff, 0xff, 0xff, 0xf4, 0x0,
    0x0, 0x0, 0x6f, 0xff, 0xa0, 0x0, 0x0,

    /* U+0034 "4" */
    0x0, 0x0, 0x0, 0xbf, 0xfd, 0x0, 0x0, 0x0,
    0x0, 0x7, 0xff, 0xe0, 0x0, 0x0, 0x0, 0x0,
    0x3f, 0xff, 0x0, 0x0, 0x0, 0x0, 0x2, 0xff,
    0xf4, 0x0, 0x0, 0x0, 0x0, 0x1f, 0xff, 0xc0,
    0x0, 0x0, 0x0, 0x0, 0xff, 0xfc, 0x0, 0x0,
    0x0, 0x0, 0xb, 0xff, 0xd0, 0x0, 0x0, 0x0,
    0x0, 0x7f, 0xff, 0x0, 0x0, 0x0, 0x0, 0x3,
    0xff, 0xf0, 0x0, 0x0, 0x0, 0x0, 0x2f, 0xff,
    0x40, 0x0, 0x0, 0x0, 0x1, 0xff, 0xfc, 0x0,
    0x0, 0x0, 0x0, 0xf, 0xff, 0xc0, 0x0, 0x0,
    0x0, 0x0, 0xbf, 0xfe, 0x0, 0x0, 0x0, 0x0,
    0x3, 0xff, 0xf0, 0x2, 0xaa, 0x80, 0x0, 0x3f,
    0xff, 0x40, 0x1f, 0xff, 0x0, 0x2, 0xff, 0xf8,
    0x0, 0x7f, 0xfc, 0x0, 0xf, 0xff, 0xc0, 0x1,
    0xff, 0xf0, 0x0, 0xff, 0xfd, 0x0, 0x7, 0xff,
    0xc0, 0x7, 0xff, 0xe0, 0x0, 0x1f, 0xff, 0x0,
    0x3f, 0xff, 0x0, 0x0, 0x7f, 0xfc, 0x0, 0xff,
    0xff, 0xff, 0xff, 0xff, 0xff, 0xfb, 0xff, 0xff,
    0xff, 0xff, 0xff, 0xff, 0xef, 0xff, 0xff, 0xff,
    0xff, 0xff, 0xff, 0xbf, 0xff, 0xff, 0xff, 0xff,
    0xff, 0xfe, 0xff, 0xff, 0xff, 0xff, 0xff, 0xff,
    0xf8, 0x0, 0x0, 0x0, 0x7, 0xff, 0xc0, 0x0,
    0x0, 0x0, 0x0, 0x1f, 0xff, 0x0, 0x0, 0x0,
    0x0, 0x0, 0x7f, 0xfc, 0x0, 0x0, 0x0, 0x0,
    0x1, 0xff, 0xf0, 0x0, 0x0, 0x0, 0x0, 0x7,
    0xff, 0xc0, 0x0, 0x0, 0x0, 0x0, 0x1f, 0xff,
    0x0, 0x0, 0x0, 0x0, 0x0, 0x7f, 0xfc, 0x0,

    /* U+0035 "5" */
    0x0, 0xff, 0xff, 0xff, 0xff, 0xff, 0x0, 0xf,
    0xff, 0xff, 0xff, 0xff, 0xf0, 0x0, 0xff, 0xff,
    0xff, 0xff, 0xff, 0x0, 0xf, 0xff, 0xff, 0xff,
    0xff, 0xf0, 0x0, 0xff, 0xff, 0xff, 0xff, 0xff,
    0x0, 0xf, 0xff, 0x55, 0x55, 0x55, 0x50, 0x1,
    0xff, 0xe0, 0x0, 0x0, 0x0, 0x0, 0x1f, 0xfe,
    0x0, 0x0, 0x0, 0x0, 0x1, 0xff, 0xd0, 0x0,
    0x0, 0x0, 0x0, 0x2f, 0xfd, 0x0, 0x0, 0x0,
    0x0, 0x2, 0xff, 0xc0, 0x0, 0x0, 0x0, 0x0,
    0x2f, 0xfc, 0x1b, 0xff, 0x80, 0x0, 0x3, 0xff,
    0xef, 0xff, 0xff, 0x80, 0x0, 0x3f, 0xff, 0xff,
    0xff, 0xff, 0x40, 0x3, 0xff, 0xff, 0xff, 0xff,
    0xfd, 0x0, 0x3f, 0xff, 0xff, 0xff, 0xff, 0xf0,
    0x3, 0xff, 0xfe, 0x45, 0xff, 0xff, 0x80, 0x2b,
    0xfd, 0x0, 0x1, 0xff, 0xfc, 0x0, 0x0, 0x0,
    0x0, 0xb, 0xff, 0xd0, 0x0, 0x0, 0x0, 0x0,
    0x3f, 0xfe, 0x0, 0x0, 0x0, 0x0, 0x2, 0xff,
    0xf0, 0x0, 0x0, 0x0, 0x0, 0x2f, 0xff, 0x0,
    0x0, 0x0, 0x0, 0x2, 0xff, 0xe0, 0x0, 0x0,
    0x0, 0x0, 0x3f, 0xfe, 0x1, 0x80, 0x0, 0x0,
    0x7, 0xff, 0xd0, 0x3f, 0x40, 0x0, 0x0, 0xff,
    0xfc, 0xb, 0xff, 0x40, 0x0, 0x7f, 0xff, 0x81,
    0xff, 0xff, 0xe9, 0xbf, 0xff, 0xf0, 0x3f, 0xff,
    0xff, 0xff, 0xff, 0xfd, 0x0, 0xbf, 0xff, 0xff,
    0xff, 0xff, 0x80, 0x0, 0xff, 0xff, 0xff, 0xff,
    0xd0, 0x0, 0x1, 0xbf, 0xff, 0xff, 0xe0, 0x0,
    0x0, 0x0, 0x6f, 0xff, 0x90, 0x0, 0x0,

    /* U+0036 "6" */
    0x0, 0x0, 0x0, 0xff, 0xff, 0x40, 0x0, 0x0,
    0x0, 0x3f, 0xff, 0xd0, 0x0, 0x0, 0x0, 0x1f,
    0xff, 0xf4, 0x0, 0x0, 0x0, 0x7, 0xff, 0xfc,
    0x0, 0x0, 0x0, 0x0, 0xff, 0xff, 0x0, 0x0,
    0x0, 0x0, 0x3f, 0xff, 0xc0, 0x0, 0x0, 0x0,
    0xf, 0xff, 0xf0, 0x0, 0x0, 0x0, 0x2, 0xff,
    0xfc, 0x0, 0x0, 0x0, 0x0, 0x7f, 0xff, 0x0,
    0x0, 0x0, 0x0, 0xf, 0xff, 0xc0, 0x0, 0x0,
    0x0, 0x2, 0xff, 0xf4, 0x0, 0x0, 0x0, 0x0,
    0x3f, 0xfe, 0x2f, 0xfe, 0x40, 0x0, 0xb, 0xff,
    0xef, 0xff, 0xff, 0x80, 0x0, 0xff, 0xff, 0xff,
    0xff, 0xff, 0x0, 0x1f, 0xff, 0xff, 0xff, 0xff,
    0xfc, 0x2, 0xff, 0xff, 0xff, 0xff, 0xff, 0xf0,
    0x3f, 0xff, 0xfe, 0x46, 0xff, 0xff, 0x43, 0xff,
    0xfd, 0x0, 0x2, 0xff, 0xfc, 0x3f, 0xff, 0x40,
    0x0, 0xb, 0xff, 0xd3, 0xff, 0xf0, 0x0, 0x0,
    0x3f, 0xfe, 0x3f, 0xfd, 0x0, 0x0, 0x3, 0xff,
    0xe3, 0xff, 0xd0, 0x0, 0x0, 0x2f, 0xff, 0x3f,
    0xfd, 0x0, 0x0, 0x2, 0xff, 0xe3, 0xff, 0xe0,
    0x0, 0x0, 0x3f, 0xfe, 0x2f, 0xff, 0x0, 0x0,
    0x3, 0xff, 0xd0, 0xff, 0xf8, 0x0, 0x0, 0xff,
    0xfc, 0xb, 0xff, 0xe0, 0x0, 0x3f, 0xff, 0x80,
    0x3f, 0xff, 0xe9, 0xaf, 0xff, 0xf0, 0x2, 0xff,
    0xff, 0xff, 0xff, 0xfd, 0x0, 0xb, 0xff, 0xff,
    0xff, 0xff, 0x80, 0x0, 0x2f, 0xff, 0xff, 0xff,
    0xd0, 0x0, 0x0, 0x2f, 0xff, 0xff, 0xe0, 0x0,
    0x0, 0x0, 0x1b, 0xff, 0x90, 0x0, 0x0,

    /* U+0037 "7" */
    0x55, 0x55, 0x55, 0x55, 0x55, 0x55, 0x3f, 0xff,
    0xff, 0xff, 0xff, 0xff, 0xdf, 0xff, 0xff, 0xff,
    0xff, 0xff, 0xf7, 0xff, 0xff, 0xff, 0xff, 0xff,
    0xfd, 0xff, 0xff, 0xff, 0xff, 0xff, 0xff, 0x7f,
    0xff, 0xff, 0xff, 0xff, 0xff, 0xc0, 0x0, 0x0,
    0x0, 0x7, 0xff, 0xe0, 0x0, 0x0, 0x0, 0x3,
    0xff, 0xf0, 0x0, 0x0, 0x0, 0x3, 0xff, 0xf0,
    0x0, 0x0, 0x0, 0x2, 0xff, 0xf4, 0x0, 0x0,
    0x0, 0x0, 0xff, 0xf8, 0x0, 0x0, 0x0, 0x0,
    0xff, 0xfc, 0x0, 0x0, 0x0, 0x0, 0x7f, 0xfd,
    0x0, 0x0, 0x0, 0x0, 0x3f, 0xff, 0x0, 0x0,
    0x0, 0x0, 0x2f, 0xff, 0x40, 0x0, 0x0, 0x0,
    0xf, 0xff, 0xc0, 0x0, 0x0, 0x0, 0xb, 0xff,
    0xd0, 0x0, 0x0, 0x0, 0x3, 0xff, 0xf0, 0x0,
    0x0, 0x0, 0x2, 0xff, 0xf4, 0x0, 0x0, 0x0,
    0x0, 0xff, 0xfc, 0x0, 0x0, 0x0, 0x0, 0xbf,
    0xfd, 0x0, 0x0, 0x0, 0x0, 0x3f, 0xff, 0x0,
    0x0, 0x0, 0x0, 0x1f, 0xff, 0x80, 0x0, 0x0,
    0x0, 0xb, 0xff, 0xd0, 0x0, 0x0, 0x0, 0x3,
    0xff, 0xf0, 0x0, 0x0, 0x0, 0x1, 0xff, 0xf8,
    0x0, 0x0, 0x0, 0x0, 0xbf, 0xfd, 0x0, 0x0,
    0x0, 0x0, 0x3f, 0xff, 0x0, 0x0, 0x0, 0x0,
    0x1f, 0xff, 0xc0, 0x0, 0x0, 0x0, 0xb, 0xff,
    0xe0, 0x0, 0x0, 0x0, 0x2, 0xff, 0xf4, 0x0,
    0x0, 0x0, 0x0, 0xff, 0xfc, 0x0, 0x0, 0x0,
    0x0, 0x3f, 0xff, 0x0, 0x0, 0x0, 0x0,

    /* U+0038 "8" */
    0x0, 0x0, 0x6b, 0xfe, 0x90, 0x0, 0x0, 0x0,
    0x7f, 0xff, 0xff, 0xe0, 0x0, 0x0, 0x3f, 0xff,
    0xff, 0xff, 0xd0, 0x0, 0x1f, 0xff, 0xff, 0xff,
    0xff, 0x40, 0x3, 0xff, 0xff, 0xff, 0xff, 0xfc,
    0x0, 0xbf, 0xff, 0x40, 0x1f, 0xff, 0xe0, 0xf,
    0xff, 0xc0, 0x0, 0x3f, 0xff, 0x0, 0xff, 0xf4,
    0x0, 0x0, 0xff, 0xf0, 0xf, 0xff, 0x0, 0x0,
    0xf, 0xff, 0x40, 0xff, 0xf0, 0x0, 0x0, 0xff,
    0xf4, 0xf, 0xff, 0x0, 0x0, 0xf, 0xff, 0x0,
    0xbf, 0xfc, 0x0, 0x2, 0xff, 0xf0, 0x3, 0xff,
    0xf4, 0x1, 0xff, 0xfd, 0x0, 0x1f, 0xff, 0xff,
    0xff, 0xff, 0x80, 0x0, 0x7f, 0xff, 0xff, 0xff,
    0xe0, 0x0, 0x1, 0xff, 0xff, 0xff, 0xf8, 0x0,
    0x0, 0xbf, 0xff, 0xff, 0xff, 0xf0, 0x0, 0x3f,
    0xff, 0xff, 0xff, 0xff, 0xd0, 0xf, 0xff, 0xf4,
    0x1, 0xff, 0xff, 0x2, 0xff, 0xf8, 0x0, 0x1,
    0xff, 0xf8, 0x3f, 0xfe, 0x0, 0x0, 0xb, 0xff,
    0xc7, 0xff, 0xc0, 0x0, 0x0, 0x3f, 0xfe, 0xbf,
    0xfc, 0x0, 0x0, 0x2, 0xff, 0xfb, 0xff, 0xc0,
    0x0, 0x0, 0x2f, 0xff, 0xbf, 0xfc, 0x0, 0x0,
    0x3, 0xff, 0xfb, 0xff, 0xc0, 0x0, 0x0, 0x3f,
    0xfe, 0x7f, 0xfe, 0x0, 0x0, 0xb, 0xff, 0xe3,
    0xff, 0xf8, 0x0, 0x2, 0xff, 0xfc, 0x2f, 0xff,
    0xf9, 0x46, 0xff, 0xff, 0x80, 0xff, 0xff, 0xff,
    0xff, 0xff, 0xf0, 0x3, 0xff, 0xff, 0xff, 0xff,
    0xfc, 0x0, 0xf, 0xff, 0xff, 0xff, 0xff, 0x0,
    0x0, 0x1f, 0xff, 0xff, 0xff, 0x40, 0x0, 0x0,
    0x6, 0xff, 0xfa, 0x0, 0x0,

    /* U+0039 "9" */
    0x0, 0x0, 0x6f, 0xfe, 0x80, 0x0, 0x0, 0x0,
    0xbf, 0xff, 0xff, 0xd0, 0x0, 0x0, 0x7f, 0xff,
    0xff, 0xff, 0x80, 0x0, 0x1f, 0xff, 0xff, 0xff,
    0xff, 0x0, 0x7, 0xff, 0xff, 0xff, 0xff, 0xf8,
    0x0, 0xff, 0xff, 0xe6, 0xbf, 0xff, 0xd0, 0x1f,
    0xff, 0xd0, 0x0, 0xbf, 0xff, 0x3, 0xff, 0xf0,
    0x0, 0x1, 0xff, 0xf4, 0x3f, 0xfd, 0x0, 0x0,
    0xb, 0xff, 0x87, 0xff, 0xc0, 0x0, 0x0, 0x7f,
    0xfc, 0xbf, 0xfc, 0x0, 0x0, 0x3, 0xff, 0xcb,
    0xff, 0xc0, 0x0, 0x0, 0x3f, 0xfd, 0x7f, 0xfc,
    0x0, 0x0, 0x7, 0xff, 0xd7, 0xff, 0xd0, 0x0,
    0x0, 0xbf, 0xfd, 0x3f, 0xff, 0x0, 0x0, 0xf,
    0xff, 0xd2, 0xff, 0xf8, 0x0, 0x7, 0xff, 0xfc,
    0xf, 0xff, 0xf9, 0x17, 0xff, 0xff, 0xc0, 0xbf,
    0xff, 0xff, 0xff, 0xff, 0xfc, 0x3, 0xff, 0xff,
    0xff, 0xff, 0xff, 0x80, 0xb, 0xff, 0xff, 0xff,
    0xff, 0xf0, 0x0, 0x1f, 0xff, 0xff, 0xff, 0xff,
    0x0, 0x0, 0x1b, 0xff, 0x97, 0xff, 0xd0, 0x0,
    0x0, 0x0, 0x0, 0xff, 0xfc, 0x0, 0x0, 0x0,
    0x0, 0x3f, 0xff, 0x0, 0x0, 0x0, 0x0, 0xb,
    0xff, 0xe0, 0x0, 0x0, 0x0, 0x2, 0xff, 0xfc,
    0x0, 0x0, 0x0, 0x0, 0xbf, 0xff, 0x0, 0x0,
    0x0, 0x0, 0x2f, 0xff, 0xd0, 0x0, 0x0, 0x0,
    0xb, 0xff, 0xf4, 0x0, 0x0, 0x0, 0x3, 0xff,
    0xfd, 0x0, 0x0, 0x0, 0x0, 0xff, 0xff, 0x40,
    0x0, 0x0, 0x0, 0x3f, 0xff, 0xd0, 0x0, 0x0,
    0x0, 0x1f, 0xff, 0xf4, 0x0, 0x0, 0x0,

    /* U+003A ":" */
    0xbf, 0xfc, 0xbf, 0xfc, 0xbf, 0xfc, 0xbf, 0xfc,
    0xbf, 0xfc, 0xbf, 0xfc, 0xbf, 0xfc, 0x0, 0x0,
    0x0, 0x0, 0x0, 0x0, 0x0, 0x0, 0x0, 0x0,
    0x0, 0x0, 0x0, 0x0, 0x0, 0x0, 0x0, 0x0,
    0x0, 0x0, 0xbf, 0xfc, 0xbf, 0xfc, 0xbf, 0xfc,
    0xbf, 0xfc, 0xbf, 0xfc, 0xbf, 0xfc, 0xbf, 0xfc,

    /* U+003B ";" */
    0x7f, 0xfd, 0x7f, 0xfd, 0x7f, 0xfd, 0x7f, 0xfd,
    0x7f, 0xfd, 0x7f, 0xfd, 0x7f, 0xfd, 0x0, 0x0,
    0x0, 0x0, 0x0, 0x0, 0x0, 0x0, 0x0, 0x0,
    0x0, 0x0, 0x0, 0x0, 0x0, 0x0, 0x0, 0x0,
    0x0, 0x0, 0x7f, 0xfe, 0xbf, 0xfe, 0xbf, 0xfe,
    0xbf, 0xfe, 0xbf, 0xfe, 0xbf, 0xfe, 0xbf, 0xfe,
    0x2, 0xfd, 0x3, 0xfc, 0x7, 0xf4, 0xf, 0xf0,
    0x1f, 0xc0, 0x3f, 0x80, 0x7f, 0x0,

    /* U+003C "<" */
    0x0, 0x0, 0x0, 0x0, 0x0, 0x1, 0x0, 0x0,
    0x0, 0x0, 0x0, 0x6f, 0x0, 0x0, 0x0, 0x0,
    0xb, 0xff, 0x0, 0x0, 0x0, 0x1, 0xff, 0xff,
    0x0, 0x0, 0x0, 0x6f, 0xff, 0xff, 0x0, 0x0,
    0xb, 0xff, 0xff, 0xff, 0x0, 0x1, 0xff, 0xff,
    0xff, 0xe4, 0x0, 0x6f, 0xff, 0xff, 0xf9, 0x0,
    0xb, 0xff, 0xff, 0xff, 0x40, 0x0, 0x3f, 0xff,
    0xff, 0xd0, 0x0, 0x0, 0x3f, 0xff, 0xf4, 0x0,
    0x0, 0x0, 0x3f, 0xff, 0x80, 0x0, 0x0, 0x0,
    0x3f, 0xff, 0xfd, 0x0, 0x0, 0x0, 0x3f, 0xff,
    0xff, 0xf4, 0x0, 0x0, 0x2, 0xff, 0xff, 0xff,
    0xd0, 0x0, 0x0, 0x1b, 0xff, 0xff, 0xfe, 0x40,
    0x0, 0x0, 0x7f, 0xff, 0xff, 0xf9, 0x0, 0x0,
    0x2, 0xff, 0xff, 0xff, 0x0, 0x0, 0x0, 0x1b,
    0xff, 0xff, 0x0, 0x0, 0x0, 0x0, 0x7f, 0xff,
    0x0, 0x0, 0x0, 0x0, 0x2, 0xff, 0x0, 0x0,
    0x0, 0x0, 0x0, 0x1b, 0x0, 0x0, 0x0, 0x0,
    0x0, 0x0,

    /* U+003D "=" */
    0x3f, 0xff, 0xff, 0xff, 0xff, 0xff, 0xf3, 0xff,
    0xff, 0xff, 0xff, 0xff, 0xff, 0x3f, 0xff, 0xff,
    0xff, 0xff, 0xff, 0xf3, 0xff, 0xff, 0xff, 0xff,
    0xff, 0xff, 0x3f, 0xff, 0xff, 0xff, 0xff, 0xff,
    0xf1, 0x55, 0x55, 0x55, 0x55, 0x55, 0x55, 0x0,
    0x0, 0x0, 0x0, 0x0, 0x0, 0x0, 0x0, 0x0,
    0x0, 0x0, 0x0, 0x0, 0x0, 0x0, 0x0, 0x0,
    0x0, 0x0, 0x1, 0x55, 0x55, 0x55, 0x55, 0x55,
    0x55, 0x3f, 0xff, 0xff, 0xff, 0xff, 0xff, 0xf3,
    0xff, 0xff, 0xff, 0xff, 0xff, 0xff, 0x3f, 0xff,
    0xff, 0xff, 0xff, 0xff, 0xf3, 0xff, 0xff, 0xff,
    0xff, 0xff, 0xff, 0x3f, 0xff, 0xff, 0xff, 0xff,
    0xff, 0xf0,

    /* U+003E ">" */
    0x10, 0x0, 0x0, 0x0, 0x0, 0x0, 0x3e, 0x0,
    0x0, 0x0, 0x0, 0x0, 0x3f, 0xf4, 0x0, 0x0,
    0x0, 0x0, 0x3f, 0xff, 0x90, 0x0, 0x0, 0x0,
    0x3f, 0xff, 0xfe, 0x0, 0x0, 0x0, 0x3f, 0xff,
    0xff, 0xf4, 0x0, 0x0, 0x7, 0xff, 0xff, 0xff,
    0x90, 0x0, 0x0, 0x1f, 0xff, 0xff, 0xfe, 0x40,
    0x0, 0x0, 0x7f, 0xff, 0xff, 0xf8, 0x0, 0x0,
    0x2, 0xff, 0xff, 0xff, 0x0, 0x0, 0x0, 0xb,
    0xff, 0xff, 0x0, 0x0, 0x0, 0x0, 0xbf, 0xff,
    0x0, 0x0, 0x0, 0x2f, 0xff, 0xff, 0x0, 0x0,
    0xb, 0xff, 0xff, 0xfe, 0x0, 0x1, 0xff, 0xff,
    0xff, 0xe0, 0x0, 0x7f, 0xff, 0xff, 0xf9, 0x0,
    0x1f, 0xff, 0xff, 0xff, 0x40, 0x0, 0x3f, 0xff,
    0xff, 0xe0, 0x0, 0x0, 0x3f, 0xff, 0xf8, 0x0,
    0x0, 0x0, 0x3f, 0xfe, 0x40, 0x0, 0x0, 0x0,
    0x3f, 0xd0, 0x0, 0x0, 0x0, 0x0, 0x38, 0x0,
    0x0, 0x0, 0x0, 0x0, 0x0, 0x0, 0x0, 0x0,
    0x0, 0x0,

    /* U+003F "?" */
    0x0, 0x0, 0x1a, 0xaa, 0x40, 0x0, 0x0, 0x7,
    0xff, 0xff, 0xf8, 0x0, 0x0, 0x7f, 0xff, 0xff,
    0xff, 0x40, 0x2, 0xff, 0xff, 0xff, 0xff, 0xe0,
    0xf, 0xff, 0xff, 0xff, 0xff, 0xf4, 0x3f, 0xff,
    0xff, 0xff, 0xff, 0xfc, 0xf, 0xff, 0xe4, 0x7,
    0xff, 0xfd, 0x3, 0xfe, 0x0, 0x0, 0xbf, 0xfe,
    0x1, 0xf4, 0x0, 0x0, 0x3f, 0xff, 0x0, 0x40,
    0x0, 0x0, 0x3f, 0xff, 0x0, 0x0, 0x0, 0x0,
    0x3f, 0xff, 0x0, 0x0, 0x0, 0x0, 0x7f, 0xfe,
    0x0, 0x0, 0x0, 0x0, 0xff, 0xfd, 0x0, 0x0,
    0x0, 0x7, 0xff, 0xfc, 0x0, 0x0, 0x0, 0x1f,
    0xff, 0xf0, 0x0, 0x0, 0x0, 0xbf, 0xff, 0xd0,
    0x0, 0x0, 0x2, 0xff, 0xff, 0x40, 0x0, 0x0,
    0xb, 0xff, 0xfc, 0x0, 0x0, 0x0, 0x1f, 0xff,
    0xf0, 0x0, 0x0, 0x0, 0x3f, 0xff, 0xc0, 0x0,
    0x0, 0x0, 0x7f, 0xff, 0x0, 0x0, 0x0, 0x0,
    0xbf, 0xfc, 0x0, 0x0, 0x0, 0x0, 0xbf, 0xf4,
    0x0, 0x0, 0x0, 0x0, 0xbf, 0xf0, 0x0, 0x0,
    0x0, 0x0, 0x6a, 0x90, 0x0, 0x0, 0x0, 0x0,
    0x0, 0x0, 0x0, 0x0, 0x0, 0x0, 0x0, 0x0,
    0x0, 0x0, 0x0, 0x0, 0x0, 0x0, 0x0, 0x0,
    0x0, 0x0, 0xff, 0xf8, 0x0, 0x0, 0x0, 0x0,
    0xff, 0xf8, 0x0, 0x0, 0x0, 0x0, 0xff, 0xf8,
    0x0, 0x0, 0x0, 0x0, 0xff, 0xf8, 0x0, 0x0,
    0x0, 0x0, 0xff, 0xf8, 0x0, 0x0, 0x0, 0x0,
    0xff, 0xf8, 0x0, 0x0, 0x0, 0x0, 0xff, 0xf8,
    0x0, 0x0,

    /* U+0040 "@" */
    0x0, 0x0, 0x0, 0x0, 0x1, 0x55, 0x50, 0x0,
    0x0, 0x0, 0x0, 0x0, 0x0, 0x0, 0x1, 0xff,
    0xff, 0xff, 0xe4, 0x0, 0x0, 0x0, 0x0, 0x0,
    0x0, 0x7f, 0xff, 0xff, 0xff, 0xff, 0x80, 0x0,
    0x0, 0x0, 0x0, 0x3, 0xff, 0xff, 0xff, 0xff,
    0xff, 0xf8, 0x0, 0x0, 0x0, 0x0, 0x2f, 0xff,
    0xff, 0xff, 0xff, 0xff, 0xff, 0x40, 0x0, 0x0,
    0x0, 0xff, 0xff, 0xf5, 0x0, 0x5, 0xbf, 0xff,
    0xe0, 0x0, 0x0, 0x3, 0xff, 0xfd, 0x0, 0x0,
    0x0, 0x7, 0xff, 0xf8, 0x0, 0x0, 0xf, 0xff,
    0xe0, 0x0, 0x0, 0x0, 0x0, 0x7f, 0xfe, 0x0,
    0x0, 0x2f, 0xff, 0x0, 0x0, 0x0, 0x0, 0x0,
    0xb, 0xff, 0x40, 0x0, 0x7f, 0xfc, 0x0, 0x0,
    0x0, 0x0, 0x0, 0x2, 0xff, 0xc0, 0x0, 0xff,
    0xf0, 0x0, 0x0, 0x15, 0x0, 0x0, 0x0, 0xff,
    0xe0, 0x2, 0xff, 0xd0, 0x0, 0x7, 0xff, 0xf4,
    0x7f, 0xe0, 0x3f, 0xf0, 0x3, 0xff, 0x80, 0x0,
    0x3f, 0xff, 0xfd, 0x7f, 0xd0, 0x2f, 0xf8, 0xb,
    0xff, 0x0, 0x0, 0xff, 0xff, 0xff, 0xbf, 0xd0,
    0xf, 0xfc, 0xf, 0xfe, 0x0, 0x3, 0xff, 0xff,
    0xff, 0xff, 0xc0, 0xf, 0xfc, 0xf, 0xfd, 0x0,
    0xf, 0xff, 0xd0, 0x7f, 0xff, 0xc0, 0xb, 0xfd,
    0x1f, 0xfc, 0x0, 0x1f, 0xfe, 0x0, 0xf, 0xff,
    0x80, 0x7, 0xfe, 0x2f, 0xf8, 0x0, 0x3f, 0xfc,
    0x0, 0xb, 0xff, 0x40, 0x3, 0xfe, 0x3f, 0xf8,
    0x0, 0x7f, 0xf4, 0x0, 0xb, 0xff, 0x0, 0x3,
    0xff, 0x3f, 0xf4, 0x0, 0xff, 0xf0, 0x0, 0xb,
    0xff, 0x0, 0x3, 0xff, 0x3f, 0xf0, 0x0, 0xff,
    0xd0, 0x0, 0xb, 0xff, 0x0, 0x3, 0xff, 0x3f,
    0xf0, 0x1, 0xff, 0xc0, 0x0, 0xf, 0xfe, 0x0,
    0x3, 0xff, 0x3f, 0xf0, 0x2, 0xff, 0xc0, 0x0,
    0xf, 0xfd, 0x0, 0x3, 0xfe, 0x3f, 0xf0, 0x2,
    0xff, 0x80, 0x0, 0x2f, 0xfc, 0x0, 0x7, 0xfe,
    0x3f, 0xf4, 0x2, 0xff, 0x80, 0x0, 0x3f, 0xfc,
    0x0, 0xb, 0xfd, 0x3f, 0xf4, 0x2, 0xff, 0x80,
    0x0, 0x7f, 0xfc, 0x0, 0xf, 0xfc, 0x2f, 0xf8,
    0x2, 0xff, 0xc0, 0x0, 0xff, 0xfc, 0x0, 0x1f,
    0xf8, 0x2f, 0xfc, 0x1, 0xff, 0xd0, 0x3, 0xff,
    0xfc, 0x0, 0x3f, 0xf0, 0x1f, 0xfc, 0x0, 0xff,
    0xf9, 0x6f, 0xff, 0xfe, 0x1, 0xff, 0xe0, 0xf,
    0xfd, 0x0, 0xbf, 0xff, 0xff, 0xf7, 0xff, 0xff,
    0xff, 0xc0, 0xb, 0xff, 0x0, 0x3f, 0xff, 0xff,
    0xd2, 0xff, 0xff, 0xff, 0x0, 0x7, 0xff, 0x40,
    0xf, 0xff, 0xff, 0x0, 0xbf, 0xff, 0xf8, 0x0,
    0x3, 0xff, 0xc0, 0x1, 0xbf, 0xe4, 0x0, 0x1b,
    0xff, 0x80, 0x0, 0x1, 0xff, 0xf0, 0x0, 0x0,
    0x0, 0x0, 0x0, 0x0, 0x0, 0x0, 0x0, 0xbf,
    0xfc, 0x0, 0x0, 0x0, 0x0, 0x0, 0x0, 0x0,
    0x0, 0x0, 0x3f, 0xff, 0x0, 0x0, 0x0, 0x0,
    0x0, 0x0, 0x0, 0x0, 0x0, 0xf, 0xff, 0xe0,
    0x0, 0x0, 0x0, 0x0, 0x0, 0x0, 0x0, 0x0,
    0x3, 0xff, 0xfe, 0x40, 0x0, 0x0, 0x0, 0x0,
    0x0, 0x0, 0x0, 0x0, 0xff, 0xff, 0xfe, 0x55,
    0x55, 0x55, 0x50, 0x0, 0x0, 0x0, 0x0, 0x1f,
    0xff, 0xff, 0xff, 0xff, 0xff, 0xfc, 0x0, 0x0,
    0x0, 0x0, 0x2, 0xff, 0xff, 0xff, 0xff, 0xff,
    0xfc, 0x0, 0x0, 0x0, 0x0, 0x0, 0x1f, 0xff,
    0xff, 0xff, 0xff, 0xfc, 0x0, 0x0, 0x0, 0x0,
    0x0, 0x0, 0x6b, 0xff, 0xff, 0xff, 0xfc, 0x0,
    0x0,

    /* U+0041 "A" */
    0x0, 0x0, 0x0, 0x2a, 0xaa, 0x90, 0x0, 0x0,
    0x0, 0x0, 0x0, 0xb, 0xff, 0xff, 0x0, 0x0,
    0x0, 0x0, 0x0, 0x0, 0xff, 0xff, 0xf0, 0x0,
    0x0, 0x0, 0x0, 0x0, 0x1f, 0xff, 0xff, 0x80,
    0x0, 0x0, 0x0, 0x0, 0x3, 0xff, 0xff, 0xfc,
    0x0, 0x0, 0x0, 0x0, 0x0, 0x3f, 0xff, 0xff,
    0xd0, 0x0, 0x0, 0x0, 0x0, 0xb, 0xff, 0xbf,
    0xfe, 0x0, 0x0, 0x0, 0x0, 0x0, 0xff, 0xf5,
    0xff, 0xf0, 0x0, 0x0, 0x0, 0x0, 0xf, 0xff,
    0xf, 0xff, 0x40, 0x0, 0x0, 0x0, 0x2, 0xff,
    0xf0, 0xff, 0xfc, 0x0, 0x0, 0x0, 0x0, 0x3f,
    0xfd, 0x7, 0xff, 0xc0, 0x0, 0x0, 0x0, 0x7,
    0xff, 0xc0, 0x3f, 0xfe, 0x0, 0x0, 0x0, 0x0,
    0xbf, 0xfc, 0x3, 0xff, 0xf0, 0x0, 0x0, 0x0,
    0xf, 0xff, 0x40, 0x1f, 0xff, 0x0, 0x0, 0x0,
    0x1, 0xff, 0xf0, 0x0, 0xff, 0xf8, 0x0, 0x0,
    0x0, 0x3f, 0xfe, 0x0, 0xb, 0xff, 0xc0, 0x0,
    0x0, 0x3, 0xff, 0xd0, 0x0, 0x7f, 0xfd, 0x0,
    0x0, 0x0, 0xbf, 0xfc, 0x0, 0x3, 0xff, 0xe0,
    0x0, 0x0, 0xf, 0xff, 0x80, 0x0, 0x2f, 0xff,
    0x0, 0x0, 0x0, 0xff, 0xf4, 0x0, 0x1, 0xff,
    0xf4, 0x0, 0x0, 0x2f, 0xff, 0x0, 0x0, 0xf,
    0xff, 0xc0, 0x0, 0x3, 0xff, 0xe0, 0x0, 0x0,
    0xbf, 0xfc, 0x0, 0x0, 0x7f, 0xff, 0xff, 0xff,
    0xff, 0xff, 0xe0, 0x0, 0xb, 0xff, 0xff, 0xff,
    0xff, 0xff, 0xff, 0x0, 0x0, 0xff, 0xff, 0xff,
    0xff, 0xff, 0xff, 0xf0, 0x0, 0x1f, 0xff, 0xff,
    0xff, 0xff, 0xff, 0xff, 0x80, 0x3, 0xff, 0xff,
    0xff, 0xff, 0xff, 0xff, 0xfc, 0x0, 0x3f, 0xff,
    0xaa, 0xaa, 0xaa, 0xab, 0xff, 0xd0, 0xb, 0xff,
    0xc0, 0x0, 0x0, 0x0, 0x3f, 0xfe, 0x0, 0xff,
    0xfc, 0x0, 0x0, 0x0, 0x3, 0xff, 0xf0, 0xf,
    0xff, 0x80, 0x0, 0x0, 0x0, 0x2f, 0xff, 0x42,
    0xff, 0xf0, 0x0, 0x0, 0x0, 0x0, 0xff, 0xfc,
    0x3f, 0xff, 0x0, 0x0, 0x0, 0x0, 0xf, 0xff,
    0xc7, 0xff, 0xd0, 0x0, 0x0, 0x0, 0x0, 0x7f,
    0xfe,

    /* U+0042 "B" */
    0xbf, 0xff, 0xff, 0xff, 0xfe, 0x40, 0x0, 0x2f,
    0xff, 0xff, 0xff, 0xff, 0xfe, 0x0, 0xb, 0xff,
    0xff, 0xff, 0xff, 0xff, 0xf4, 0x2, 0xff, 0xff,
    0xff, 0xff, 0xff, 0xff, 0x0, 0xbf, 0xff, 0xff,
    0xff, 0xff, 0xff, 0xf0, 0x2f, 0xff, 0x40, 0x0,
    0x7, 0xff, 0xfd, 0xb, 0xff, 0xc0, 0x0, 0x0,
    0x2f, 0xff, 0x82, 0xff, 0xf0, 0x0, 0x0, 0x3,
    0xff, 0xf0, 0xbf, 0xfc, 0x0, 0x0, 0x0, 0xbf,
    0xfc, 0x2f, 0xff, 0x0, 0x0, 0x0, 0x2f, 0xff,
    0xb, 0xff, 0xc0, 0x0, 0x0, 0xb, 0xff, 0xc2,
    0xff, 0xf0, 0x0, 0x0, 0x3, 0xff, 0xe0, 0xbf,
    0xfc, 0x0, 0x0, 0x2, 0xff, 0xf0, 0x2f, 0xff,
    0x0, 0x0, 0x7, 0xff, 0xf8, 0xb, 0xff, 0xff,
    0xff, 0xff, 0xff, 0xfc, 0x2, 0xff, 0xff, 0xff,
    0xff, 0xff, 0xf8, 0x0, 0xbf, 0xff, 0xff, 0xff,
    0xff, 0xf4, 0x0, 0x2f, 0xff, 0xff, 0xff, 0xff,
    0xff, 0xd0, 0xb, 0xff, 0xff, 0xff, 0xff, 0xff,
    0xfe, 0x2, 0xff, 0xf4, 0x0, 0x0, 0x6f, 0xff,
    0xe0, 0xbf, 0xfc, 0x0, 0x0, 0x1, 0xff, 0xfc,
    0x2f, 0xff, 0x0, 0x0, 0x0, 0x1f, 0xff, 0x8b,
    0xff, 0xc0, 0x0, 0x0, 0x3, 0xff, 0xf2, 0xff,
    0xf0, 0x0, 0x0, 0x0, 0xbf, 0xfc, 0xbf, 0xfc,
    0x0, 0x0, 0x0, 0x2f, 0xff, 0x2f, 0xff, 0x0,
    0x0, 0x0, 0xb, 0xff, 0xcb, 0xff, 0xc0, 0x0,
    0x0, 0x3, 0xff, 0xf2, 0xff, 0xf0, 0x0, 0x0,
    0x3, 0xff, 0xfc, 0xbf, 0xfd, 0x0, 0x0, 0x1b,
    0xff, 0xfd, 0x2f, 0xff, 0xff, 0xff, 0xff, 0xff,
    0xff, 0xb, 0xff, 0xff, 0xff, 0xff, 0xff, 0xff,
    0x42, 0xff, 0xff, 0xff, 0xff, 0xff, 0xff, 0x40,
    0xbf, 0xff, 0xff, 0xff, 0xff, 0xfe, 0x0, 0x2f,
    0xff, 0xff, 0xff, 0xff, 0xe4, 0x0, 0x0,

    /* U+0043 "C" */
    0x0, 0x0, 0x0, 0x6b, 0xff, 0xe4, 0x0, 0x0,
    0x0, 0x0, 0xb, 0xff, 0xff, 0xff, 0xd0, 0x0,
    0x0, 0x0, 0xbf, 0xff, 0xff, 0xff, 0xfc, 0x0,
    0x0, 0x7, 0xff, 0xff, 0xff, 0xff, 0xff, 0x80,
    0x0, 0x1f, 0xff, 0xff, 0xff, 0xff, 0xff, 0xf0,
    0x0, 0x7f, 0xff, 0xff, 0xff, 0xff, 0xff, 0xf0,
    0x0, 0xff, 0xff, 0xe4, 0x0, 0x1f, 0xff, 0xc0,
    0x2, 0xff, 0xff, 0x0, 0x0, 0x1, 0xff, 0x40,
    0x7, 0xff, 0xfc, 0x0, 0x0, 0x0, 0x2d, 0x0,
    0xb, 0xff, 0xf0, 0x0, 0x0, 0x0, 0x4, 0x0,
    0xf, 0xff, 0xd0, 0x0, 0x0, 0x0, 0x0, 0x0,
    0x1f, 0xff, 0x80, 0x0, 0x0, 0x0, 0x0, 0x0,
    0x2f, 0xff, 0x40, 0x0, 0x0, 0x0, 0x0, 0x0,
    0x3f, 0xff, 0x0, 0x0, 0x0, 0x0, 0x0, 0x0,
    0x3f, 0xff, 0x0, 0x0, 0x0, 0x0, 0x0, 0x0,
    0x3f, 0xfe, 0x0, 0x0, 0x0, 0x0, 0x0, 0x0,
    0x7f, 0xfe, 0x0, 0x0, 0x0, 0x0, 0x0, 0x0,
    0x7f, 0xfe, 0x0, 0x0, 0x0, 0x0, 0x0, 0x0,
    0x7f, 0xfe, 0x0, 0x0, 0x0, 0x0, 0x0, 0x0,
    0x3f, 0xfe, 0x0, 0x0, 0x0, 0x0, 0x0, 0x0,
    0x3f, 0xff, 0x0, 0x0, 0x0, 0x0, 0x0, 0x0,
    0x3f, 0xff, 0x0, 0x0, 0x0, 0x0, 0x0, 0x0,
    0x2f, 0xff, 0x40, 0x0, 0x0, 0x0, 0x0, 0x0,
    0x1f, 0xff, 0xc0, 0x0, 0x0, 0x0, 0x0, 0x0,
    0xf, 0xff, 0xd0, 0x0, 0x0, 0x0, 0x0, 0x0,
    0xb, 0xff, 0xf0, 0x0, 0x0, 0x0, 0xa, 0x0,
    0x3, 0xff, 0xfc, 0x0, 0x0, 0x0, 0x3f, 0x40,
    0x2, 0xff, 0xff, 0x0, 0x0, 0x2, 0xff, 0xd0,
    0x0, 0xff, 0xff, 0xe4, 0x0, 0x2f, 0xff, 0xf4,
    0x0, 0x3f, 0xff, 0xff, 0xff, 0xff, 0xff, 0xf8,
    0x0, 0x1f, 0xff, 0xff, 0xff, 0xff, 0xff, 0xe0,
    0x0, 0x3, 0xff, 0xff, 0xff, 0xff, 0xff, 0x40,
    0x0, 0x0, 0xbf, 0xff, 0xff, 0xff, 0xfc, 0x0,
    0x0, 0x0, 0xb, 0xff, 0xff, 0xff, 0x90, 0x0,
    0x0, 0x0, 0x0, 0x6b, 0xff, 0xe4, 0x0, 0x0,

    /* U+0044 "D" */
    0x6a, 0xaa, 0xaa, 0xaa, 0x50, 0x0, 0x0, 0xb,
    0xff, 0xff, 0xff, 0xff, 0xf4, 0x0, 0x0, 0xbf,
    0xff, 0xff, 0xff, 0xff, 0xf8, 0x0, 0xb, 0xff,
    0xff, 0xff, 0xff, 0xff, 0xf0, 0x0, 0xbf, 0xff,
    0xff, 0xff, 0xff, 0xff, 0xc0, 0xb, 0xff, 0xff,
    0xff, 0xff, 0xff, 0xff, 0x0, 0xbf, 0xfc, 0x0,
    0x0, 0x7f, 0xff, 0xfc, 0xb, 0xff, 0xc0, 0x0,
    0x0, 0x7f, 0xff, 0xd0, 0xbf, 0xfc, 0x0, 0x0,
    0x0, 0xff, 0xff, 0xb, 0xff, 0xc0, 0x0, 0x0,
    0x3, 0xff, 0xf4, 0xbf, 0xfc, 0x0, 0x0, 0x0,
    0x2f, 0xff, 0xcb, 0xff, 0xc0, 0x0, 0x0, 0x0,
    0xff, 0xfc, 0xbf, 0xfc, 0x0, 0x0, 0x0, 0xb,
    0xff, 0xdb, 0xff, 0xc0, 0x0, 0x0, 0x0, 0x7f,
    0xfe, 0xbf, 0xfc, 0x0, 0x0, 0x0, 0x3, 0xff,
    0xeb, 0xff, 0xc0, 0x0, 0x0, 0x0, 0x3f, 0xff,
    0xbf, 0xfc, 0x0, 0x0, 0x0, 0x3, 0xff, 0xfb,
    0xff, 0xc0, 0x0, 0x0, 0x0, 0x3f, 0xff, 0xbf,
    0xfc, 0x0, 0x0, 0x0, 0x3, 0xff, 0xfb, 0xff,
    0xc0, 0x0, 0x0, 0x0, 0x3f, 0xff, 0xbf, 0xfc,
    0x0, 0x0, 0x0, 0x7, 0xff, 0xeb, 0xff, 0xc0,
    0x0, 0x0, 0x0, 0xbf, 0xfd, 0xbf, 0xfc, 0x0,
    0x0, 0x0, 0xf, 0xff, 0xcb, 0xff, 0xc0, 0x0,
    0x0, 0x1, 0xff, 0xfc, 0xbf, 0xfc, 0x0, 0x0,
    0x0, 0x3f, 0xff, 0x8b, 0xff, 0xc0, 0x0, 0x0,
    0xb, 0xff, 0xf0, 0xbf, 0xfc, 0x0, 0x0, 0x2,
    0xff, 0xfe, 0xb, 0xff, 0xc0, 0x0, 0x1, 0xff,
    0xff, 0xc0, 0xbf, 0xfe, 0xaa, 0xab, 0xff, 0xff,
    0xf4, 0xb, 0xff, 0xff, 0xff, 0xff, 0xff, 0xfe,
    0x0, 0xbf, 0xff, 0xff, 0xff, 0xff, 0xff, 0x80,
    0xb, 0xff, 0xff, 0xff, 0xff, 0xff, 0xd0, 0x0,
    0xbf, 0xff, 0xff, 0xff, 0xff, 0xd0, 0x0, 0xb,
    0xff, 0xff, 0xff, 0xfe, 0x90, 0x0, 0x0,

    /* U+0045 "E" */
    0x6a, 0xaa, 0xaa, 0xaa, 0xaa, 0xaa, 0x6f, 0xff,
    0xff, 0xff, 0xff, 0xff, 0xdb, 0xff, 0xff, 0xff,
    0xff, 0xff, 0xf6, 0xff, 0xff, 0xff, 0xff, 0xff,
    0xfd, 0xbf, 0xff, 0xff, 0xff, 0xff, 0xff, 0x6f,
    0xff, 0xff, 0xff, 0xff, 0xff, 0xdb, 0xff, 0xc0,
    0x0, 0x0, 0x0, 0x2, 0xff, 0xf0, 0x0, 0x0,
    0x0, 0x0, 0xbf, 0xfc, 0x0, 0x0, 0x0, 0x0,
    0x2f, 0xff, 0x0, 0x0, 0x0, 0x0, 0xb, 0xff,
    0xc0, 0x0, 0x0, 0x0, 0x2, 0xff, 0xf0, 0x0,
    0x0, 0x0, 0x0, 0xbf, 0xfc, 0x0, 0x0, 0x0,
    0x0, 0x2f, 0xff, 0x0, 0x0, 0x0, 0x0, 0xb,
    0xff, 0xff, 0xff, 0xff, 0xff, 0xd2, 0xff, 0xff,
    0xff, 0xff, 0xff, 0xf4, 0xbf, 0xff, 0xff, 0xff,
    0xff, 0xfd, 0x2f, 0xff, 0xff, 0xff, 0xff, 0xff,
    0x4b, 0xff, 0xff, 0xff, 0xff, 0xff, 0xd2, 0xff,
    0xfa, 0xaa, 0xaa, 0xaa, 0xa0, 0xbf, 0xfc, 0x0,
    0x0, 0x0, 0x0, 0x2f, 0xff, 0x0, 0x0, 0x0,
    0x0, 0xb, 0xff, 0xc0, 0x0, 0x0, 0x0, 0x2,
    0xff, 0xf0, 0x0, 0x0, 0x0, 0x0, 0xbf, 0xfc,
    0x0, 0x0, 0x0, 0x0, 0x2f, 0xff, 0x0, 0x0,
    0x0, 0x0, 0xb, 0xff, 0xc0, 0x0, 0x0, 0x0,
    0x2, 0xff, 0xf0, 0x0, 0x0, 0x0, 0x0, 0xbf,
    0xfe, 0xaa, 0xaa, 0xaa, 0xaa, 0xaf, 0xff, 0xff,
    0xff, 0xff, 0xff, 0xfb, 0xff, 0xff, 0xff, 0xff,
    0xff, 0xfe, 0xff, 0xff, 0xff, 0xff, 0xff, 0xff,
    0xbf, 0xff, 0xff, 0xff, 0xff, 0xff, 0xef, 0xff,
    0xff, 0xff, 0xff, 0xff, 0xf0,

    /* U+0046 "F" */
    0x6a, 0xaa, 0xaa, 0xaa, 0xaa, 0xaa, 0x6f, 0xff,
    0xff, 0xff, 0xff, 0xff, 0xdb, 0xff, 0xff, 0xff,
    0xff, 0xff, 0xf6, 0xff, 0xff, 0xff, 0xff, 0xff,
    0xfd, 0xbf, 0xff, 0xff, 0xff, 0xff, 0xff, 0x6f,
    0xff, 0xff, 0xff, 0xff, 0xff, 0xdb, 0xff, 0xc0,
    0x0, 0x0, 0x0, 0x2, 0xff, 0xf0, 0x0, 0x0,
    0x0, 0x0, 0xbf, 0xfc, 0x0, 0x0, 0x0, 0x0,
    0x2f, 0xff, 0x0, 0x0, 0x0, 0x0, 0xb, 0xff,
    0xc0, 0x0, 0x0, 0x0, 0x2, 0xff, 0xf0, 0x0,
    0x0, 0x0, 0x0, 0xbf, 0xfc, 0x0, 0x0, 0x0,
    0x0, 0x2f, 0xff, 0x0, 0x0, 0x0, 0x0, 0xb,
    0xff, 0xc0, 0x0, 0x0, 0x0, 0x2, 0xff, 0xff,
    0xff, 0xff, 0xff, 0xf4, 0xbf, 0xff, 0xff, 0xff,
    0xff, 0xfd, 0x2f, 0xff, 0xff, 0xff, 0xff, 0xff,
    0x4b, 0xff, 0xff, 0xff, 0xff, 0xff, 0xd2, 0xff,
    0xff, 0xff, 0xff, 0xff, 0xf4, 0xbf, 0xfe, 0xaa,
    0xaa, 0xaa, 0xa8, 0x2f, 0xff, 0x0, 0x0, 0x0,
    0x0, 0xb, 0xff, 0xc0, 0x0, 0x0, 0x0, 0x2,
    0xff, 0xf0, 0x0, 0x0, 0x0, 0x0, 0xbf, 0xfc,
    0x0, 0x0, 0x0, 0x0, 0x2f, 0xff, 0x0, 0x0,
    0x0, 0x0, 0xb, 0xff, 0xc0, 0x0, 0x0, 0x0,
    0x2, 0xff, 0xf0, 0x0, 0x0, 0x0, 0x0, 0xbf,
    0xfc, 0x0, 0x0, 0x0, 0x0, 0x2f, 0xff, 0x0,
    0x0, 0x0, 0x0, 0xb, 0xff, 0xc0, 0x0, 0x0,
    0x0, 0x2, 0xff, 0xf0, 0x0, 0x0, 0x0, 0x0,
    0xbf, 0xfc, 0x0, 0x0, 0x0, 0x0, 0x2f, 0xff,
    0x0, 0x0, 0x0, 0x0, 0x0,

    /* U+0047 "G" */
    0x0, 0x0, 0x0, 0x6b, 0xff, 0xe9, 0x0, 0x0,
    0x0, 0x0, 0x2, 0xff, 0xff, 0xff, 0xf8, 0x0,
    0x0, 0x0, 0xb, 0xff, 0xff, 0xff, 0xff, 0xe0,
    0x0, 0x0, 0xf, 0xff, 0xff, 0xff, 0xff, 0xff,
    0x0, 0x0, 0x1f, 0xff, 0xff, 0xff, 0xff, 0xff,
    0xf4, 0x0, 0xf, 0xff, 0xff, 0xff, 0xff, 0xff,
    0xff, 0x80, 0xf, 0xff, 0xfe, 0x40, 0x1, 0xbf,
    0xff, 0xf0, 0xb, 0xff, 0xfc, 0x0, 0x0, 0x2,
    0xff, 0xf0, 0x3, 0xff, 0xf8, 0x0, 0x0, 0x0,
    0x1f, 0xf0, 0x2, 0xff, 0xfc, 0x0, 0x0, 0x0,
    0x0, 0xf0, 0x0, 0xff, 0xfc, 0x0, 0x0, 0x0,
    0x0, 0x0, 0x0, 0x7f, 0xfe, 0x0, 0x0, 0x0,
    0x0, 0x0, 0x0, 0x2f, 0xff, 0x40, 0x0, 0x0,
    0x0, 0x0, 0x0, 0xf, 0xff, 0xc0, 0x0, 0x0,
    0x0, 0x0, 0x0, 0x3, 0xff, 0xf0, 0x0, 0x0,
    0x0, 0x0, 0x0, 0x0, 0xff, 0xf8, 0x0, 0x1,
    0xaa, 0xaa, 0xaa, 0xa8, 0x7f, 0xfe, 0x0, 0x0,
    0x7f, 0xff, 0xff, 0xff, 0x5f, 0xff, 0x80, 0x0,
    0x1f, 0xff, 0xff, 0xff, 0xd7, 0xff, 0xe0, 0x0,
    0x7, 0xff, 0xff, 0xff, 0xf4, 0xff, 0xf8, 0x0,
    0x1, 0xff, 0xff, 0xff, 0xfd, 0x3f, 0xff, 0x0,
    0x0, 0x7f, 0xff, 0xff, 0xff, 0x4f, 0xff, 0xc0,
    0x0, 0x0, 0x0, 0x2, 0xff, 0xd3, 0xff, 0xf4,
    0x0, 0x0, 0x0, 0x0, 0xff, 0xf4, 0x7f, 0xfe,
    0x0, 0x0, 0x0, 0x0, 0x3f, 0xfd, 0xf, 0xff,
    0xc0, 0x0, 0x0, 0x0, 0x1f, 0xff, 0x43, 0xff,
    0xfc, 0x0, 0x0, 0x0, 0xb, 0xff, 0xd0, 0x7f,
    0xff, 0x80, 0x0, 0x0, 0x7, 0xff, 0xf4, 0xf,
    0xff, 0xf8, 0x0, 0x0, 0x7, 0xff, 0xfd, 0x0,
    0xff, 0xff, 0xe0, 0x0, 0x1f, 0xff, 0xff, 0x40,
    0x1f, 0xff, 0xff, 0xff, 0xff, 0xff, 0xff, 0xd0,
    0x2, 0xff, 0xff, 0xff, 0xff, 0xff, 0xff, 0xf4,
    0x0, 0x1f, 0xff, 0xff, 0xff, 0xff, 0xdf, 0xfd,
    0x0, 0x0, 0xff, 0xff, 0xff, 0xff, 0xd3, 0xff,
    0x40, 0x0, 0x7, 0xff, 0xff, 0xff, 0x80, 0xff,
    0xd0, 0x0, 0x0, 0x6, 0xff, 0xf9, 0x0, 0x0,
    0x0,

    /* U+0048 "H" */
    0x6a, 0xa8, 0x0, 0x0, 0x0, 0x6, 0xaa, 0x8b,
    0xff, 0xc0, 0x0, 0x0, 0x0, 0xbf, 0xfc, 0xbf,
    0xfc, 0x0, 0x0, 0x0, 0xb, 0xff, 0xcb, 0xff,
    0xc0, 0x0, 0x0, 0x0, 0xbf, 0xfc, 0xbf, 0xfc,
    0x0, 0x0, 0x0, 0xb, 0xff, 0xcb, 0xff, 0xc0,
    0x0, 0x0, 0x0, 0xbf, 0xfc, 0xbf, 0xfc, 0x0,
    0x0, 0x0, 0xb, 0xff, 0xcb, 0xff, 0xc0, 0x0,
    0x0, 0x0, 0xbf, 0xfc, 0xbf, 0xfc, 0x0, 0x0,
    0x0, 0xb, 0xff, 0xcb, 0xff, 0xc0, 0x0, 0x0,
    0x0, 0xbf, 0xfc, 0xbf, 0xfc, 0x0, 0x0, 0x0,
    0xb, 0xff, 0xcb, 0xff, 0xc0, 0x0, 0x0, 0x0,
    0xbf, 0xfc, 0xbf, 0xfc, 0x0, 0x0, 0x0, 0xb,
    0xff, 0xcb, 0xff, 0xea, 0xaa, 0xaa, 0xaa, 0xff,
    0xfc, 0xbf, 0xff, 0xff, 0xff, 0xff, 0xff, 0xff,
    0xcb, 0xff, 0xff, 0xff, 0xff, 0xff, 0xff, 0xfc,
    0xbf, 0xff, 0xff, 0xff, 0xff, 0xff, 0xff, 0xcb,
    0xff, 0xff, 0xff, 0xff, 0xff, 0xff, 0xfc, 0xbf,
    0xff, 0xff, 0xff, 0xff, 0xff, 0xff, 0xcb, 0xff,
    0xc0, 0x0, 0x0, 0x0, 0xbf, 0xfc, 0xbf, 0xfc,
    0x0, 0x0, 0x0, 0xb, 0xff, 0xcb, 0xff, 0xc0,
    0x0, 0x0, 0x0, 0xbf, 0xfc, 0xbf, 0xfc, 0x0,
    0x0, 0x0, 0xb, 0xff, 0xcb, 0xff, 0xc0, 0x0,
    0x0, 0x0, 0xbf, 0xfc, 0xbf, 0xfc, 0x0, 0x0,
    0x0, 0xb, 0xff, 0xcb, 0xff, 0xc0, 0x0, 0x0,
    0x0, 0xbf, 0xfc, 0xbf, 0xfc, 0x0, 0x0, 0x0,
    0xb, 0xff, 0xcb, 0xff, 0xc0, 0x0, 0x0, 0x0,
    0xbf, 0xfc, 0xbf, 0xfc, 0x0, 0x0, 0x0, 0xb,
    0xff, 0xcb, 0xff, 0xc0, 0x0, 0x0, 0x0, 0xbf,
    0xfc, 0xbf, 0xfc, 0x0, 0x0, 0x0, 0xb, 0xff,
    0xcb, 0xff, 0xc0, 0x0, 0x0, 0x0, 0xbf, 0xfc,
    0xbf, 0xfc, 0x0, 0x0, 0x0, 0xb, 0xff, 0xcb,
    0xff, 0xc0, 0x0, 0x0, 0x0, 0xbf, 0xfc,

    /* U+0049 "I" */
    0x2a, 0xa9, 0x3f, 0xfe, 0x3f, 0xfe, 0x3f, 0xfe,
    0x3f, 0xfe, 0x3f, 0xfe, 0x3f, 0xfe, 0x3f, 0xfe,
    0x3f, 0xfe, 0x3f, 0xfe, 0x3f, 0xfe, 0x3f, 0xfe,
    0x3f, 0xfe, 0x3f, 0xfe, 0x3f, 0xfe, 0x3f, 0xfe,
    0x3f, 0xfe, 0x3f, 0xfe, 0x3f, 0xfe, 0x3f, 0xfe,
    0x3f, 0xfe, 0x3f, 0xfe, 0x3f, 0xfe, 0x3f, 0xfe,
    0x3f, 0xfe, 0x3f, 0xfe, 0x3f, 0xfe, 0x3f, 0xfe,
    0x3f, 0xfe, 0x3f, 0xfe, 0x3f, 0xfe, 0x3f, 0xfe,
    0x3f, 0xfe, 0x3f, 0xfe,

    /* U+004A "J" */
    0x0, 0x0, 0x0, 0x2a, 0xa8, 0x0, 0x0, 0x0,
    0x7f, 0xfd, 0x0, 0x0, 0x0, 0x7f, 0xfd, 0x0,
    0x0, 0x0, 0x7f, 0xfd, 0x0, 0x0, 0x0, 0x7f,
    0xfd, 0x0, 0x0, 0x0, 0x7f, 0xfd, 0x0, 0x0,
    0x0, 0x7f, 0xfd, 0x0, 0x0, 0x0, 0x7f, 0xfd,
    0x0, 0x0, 0x0, 0x7f, 0xfd, 0x0, 0x0, 0x0,
    0x7f, 0xfd, 0x0, 0x0, 0x0, 0x7f, 0xfd, 0x0,
    0x0, 0x0, 0x7f, 0xfd, 0x0, 0x0, 0x0, 0x7f,
    0xfd, 0x0, 0x0, 0x0, 0x7f, 0xfd, 0x0, 0x0,
    0x0, 0x7f, 0xfd, 0x0, 0x0, 0x0, 0x7f, 0xfd,
    0x0, 0x0, 0x0, 0x7f, 0xfd, 0x0, 0x0, 0x0,
    0x7f, 0xfd, 0x0, 0x0, 0x0, 0x7f, 0xfd, 0x0,
    0x0, 0x0, 0x7f, 0xfd, 0x0, 0x0, 0x0, 0x7f,
    0xfd, 0x0, 0x0, 0x0, 0x7f, 0xfd, 0x0, 0x0,
    0x0, 0x7f, 0xfd, 0x0, 0x0, 0x0, 0x7f, 0xfd,
    0x0, 0x0, 0x0, 0x7f, 0xfd, 0x0, 0x0, 0x0,
    0x7f, 0xfd, 0x0, 0x0, 0x0, 0xbf, 0xfd, 0x0,
    0x0, 0x0, 0xff, 0xfd, 0xf, 0x90, 0x3, 0xff,
    0xfc, 0x1f, 0xff, 0xff, 0xff, 0xf8, 0x3f, 0xff,
    0xff, 0xff, 0xf4, 0x3f, 0xff, 0xff, 0xff, 0xe0,
    0xbf, 0xff, 0xff, 0xff, 0x80, 0x1f, 0xff, 0xff,
    0xfd, 0x0, 0x0, 0x6f, 0xff, 0x90, 0x0,

    /* U+004B "K" */
    0x6a, 0xa8, 0x0, 0x0, 0x0, 0x2a, 0xaa, 0x82,
    0xff, 0xf0, 0x0, 0x0, 0x2, 0xff, 0xfe, 0xb,
    0xff, 0xc0, 0x0, 0x0, 0x2f, 0xff, 0xe0, 0x2f,
    0xff, 0x0, 0x0, 0x2, 0xff, 0xfe, 0x0, 0xbf,
    0xfc, 0x0, 0x0, 0x2f, 0xff, 0xe0, 0x2, 0xff,
    0xf0, 0x0, 0x2, 0xff, 0xfe, 0x0, 0xb, 0xff,
    0xc0, 0x0, 0x1f, 0xff, 0xe0, 0x0, 0x2f, 0xff,
    0x0, 0x1, 0xff, 0xfe, 0x0, 0x0, 0xbf, 0xfc,
    0x0, 0x1f, 0xff, 0xe0, 0x0, 0x2, 0xff, 0xf0,
    0x1, 0xff, 0xff, 0x0, 0x0, 0xb, 0xff, 0xc0,
    0xf, 0xff, 0xf0, 0x0, 0x0, 0x2f, 0xff, 0x0,
    0xff, 0xff, 0x0, 0x0, 0x0, 0xbf, 0xfc, 0xf,
    0xff, 0xf0, 0x0, 0x0, 0x2, 0xff, 0xf0, 0xff,
    0xff, 0x40, 0x0, 0x0, 0xb, 0xff, 0xdf, 0xff,
    0xff, 0x0, 0x0, 0x0, 0x2f, 0xff, 0xff, 0xff,
    0xfd, 0x0, 0x0, 0x0, 0xbf, 0xff, 0xff, 0xff,
    0xfc, 0x0, 0x0, 0x2, 0xff, 0xff, 0xff, 0xff,
    0xf8, 0x0, 0x0, 0xb, 0xff, 0xff, 0xf7, 0xff,
    0xf4, 0x0, 0x0, 0x2f, 0xff, 0xff, 0xb, 0xff,
    0xf0, 0x0, 0x0, 0xbf, 0xff, 0xf0, 0xf, 0xff,
    0xe0, 0x0, 0x2, 0xff, 0xff, 0x0, 0x1f, 0xff,
    0xd0, 0x0, 0xb, 0xff, 0xf4, 0x0, 0x2f, 0xff,
    0xc0, 0x0, 0x2f, 0xff, 0x40, 0x0, 0x3f, 0xff,
    0x80, 0x0, 0xbf, 0xfc, 0x0, 0x0, 0x7f, 0xff,
    0x0, 0x2, 0xff, 0xf0, 0x0, 0x0, 0xbf, 0xff,
    0x0, 0xb, 0xff, 0xc0, 0x0, 0x0, 0xff, 0xfe,
    0x0, 0x2f, 0xff, 0x0, 0x0, 0x1, 0xff, 0xfc,
    0x0, 0xbf, 0xfc, 0x0, 0x0, 0x3, 0xff, 0xfc,
    0x2, 0xff, 0xf0, 0x0, 0x0, 0x3, 0xff, 0xf4,
    0xb, 0xff, 0xc0, 0x0, 0x0, 0xb, 0xff, 0xf0,
    0x2f, 0xff, 0x0, 0x0, 0x0, 0xf, 0xff, 0xe0,
    0xbf, 0xfc, 0x0, 0x0, 0x0, 0xf, 0xff, 0xd2,
    0xff, 0xf0, 0x0, 0x0, 0x0, 0x2f, 0xff, 0xc0,

    /* U+004C "L" */
    0x6a, 0xa8, 0x0, 0x0, 0x0, 0x0, 0xbf, 0xfc,
    0x0, 0x0, 0x0, 0x0, 0xbf, 0xfc, 0x0, 0x0,
    0x0, 0x0, 0xbf, 0xfc, 0x0, 0x0, 0x0, 0x0,
    0xbf, 0xfc, 0x0, 0x0, 0x0, 0x0, 0xbf, 0xfc,
    0x0, 0x0, 0x0, 0x0, 0xbf, 0xfc, 0x0, 0x0,
    0x0, 0x0, 0xbf, 0xfc, 0x0, 0x0, 0x0, 0x0,
    0xbf, 0xfc, 0x0, 0x0, 0x0, 0x0, 0xbf, 0xfc,
    0x0, 0x0, 0x0, 0x0, 0xbf, 0xfc, 0x0, 0x0,
    0x0, 0x0, 0xbf, 0xfc, 0x0, 0x0, 0x0, 0x0,
    0xbf, 0xfc, 0x0, 0x0, 0x0, 0x0, 0xbf, 0xfc,
    0x0, 0x0, 0x0, 0x0, 0xbf, 0xfc, 0x0, 0x0,
    0x0, 0x0, 0xbf, 0xfc, 0x0, 0x0, 0x0, 0x0,
    0xbf, 0xfc, 0x0, 0x0, 0x0, 0x0, 0xbf, 0xfc,
    0x0, 0x0, 0x0, 0x0, 0xbf, 0xfc, 0x0, 0x0,
    0x0, 0x0, 0xbf, 0xfc, 0x0, 0x0, 0x0, 0x0,
    0xbf, 0xfc, 0x0, 0x0, 0x0, 0x0, 0xbf, 0xfc,
    0x0, 0x0, 0x0, 0x0, 0xbf, 0xfc, 0x0, 0x0,
    0x0, 0x0, 0xbf, 0xfc, 0x0, 0x0, 0x0, 0x0,
    0xbf, 0xfc, 0x0, 0x0, 0x0, 0x0, 0xbf, 0xfc,
    0x0, 0x0, 0x0, 0x0, 0xbf, 0xfc, 0x0, 0x0,
    0x0, 0x0, 0xbf, 0xfc, 0x0, 0x0, 0x0, 0x0,
    0xbf, 0xff, 0xaa, 0xaa, 0xaa, 0xa8, 0xbf, 0xff,
    0xff, 0xff, 0xff, 0xfc, 0xbf, 0xff, 0xff, 0xff,
    0xff, 0xfc, 0xbf, 0xff, 0xff, 0xff, 0xff, 0xfc,
    0xbf, 0xff, 0xff, 0xff, 0xff, 0xfc, 0xbf, 0xff,
    0xff, 0xff, 0xff, 0xfc,

    /* U+004D "M" */
    0x6a, 0xaa, 0xa8, 0x0, 0x0, 0x0, 0x2, 0xaa,
    0xaa, 0x8b, 0xff, 0xff, 0xd0, 0x0, 0x0, 0x0,
    0xbf, 0xff, 0xfc, 0xbf, 0xff, 0xff, 0x0, 0x0,
    0x0, 0xf, 0xff, 0xff, 0xcb, 0xff, 0xff, 0xf0,
    0x0, 0x0, 0x0, 0xff, 0xff, 0xfc, 0xbf, 0xff,
    0xff, 0x40, 0x0, 0x0, 0x2f, 0xff, 0xff, 0xcb,
    0xff, 0xff, 0xf8, 0x0, 0x0, 0x3, 0xff, 0xff,
    0xfc, 0xbf, 0xff, 0xff, 0xc0, 0x0, 0x0, 0x3f,
    0xfb, 0xff, 0xcb, 0xff, 0xef, 0xfd, 0x0, 0x0,
    0x7, 0xff, 0x7f, 0xfc, 0xbf, 0xfd, 0xff, 0xe0,
    0x0, 0x0, 0xff, 0xf3, 0xff, 0xcb, 0xff, 0xcf,
    0xff, 0x0, 0x0, 0xf, 0xfe, 0x3f, 0xfc, 0xbf,
    0xfc, 0xbf, 0xf4, 0x0, 0x1, 0xff, 0xd3, 0xff,
    0xcb, 0xff, 0xc7, 0xff, 0x80, 0x0, 0x3f, 0xfc,
    0x3f, 0xfc, 0xbf, 0xfc, 0x3f, 0xfc, 0x0, 0x3,
    0xff, 0x87, 0xff, 0xcb, 0xff, 0xc2, 0xff, 0xd0,
    0x0, 0x7f, 0xf4, 0x7f, 0xfc, 0xbf, 0xfc, 0x1f,
    0xfe, 0x0, 0xf, 0xff, 0x7, 0xff, 0xcb, 0xff,
    0xc0, 0xff, 0xf0, 0x0, 0xff, 0xf0, 0x7f, 0xfc,
    0xbf, 0xfc, 0xb, 0xff, 0x40, 0x1f, 0xfd, 0x7,
    0xff, 0xcb, 0xff, 0xc0, 0x7f, 0xf8, 0x2, 0xff,
    0xc0, 0x7f, 0xfc, 0xbf, 0xfc, 0x3, 0xff, 0xc0,
    0x3f, 0xfc, 0x7, 0xff, 0xcb, 0xff, 0xc0, 0x2f,
    0xfc, 0x7, 0xff, 0x80, 0x7f, 0xfc, 0xbf, 0xfc,
    0x1, 0xff, 0xe0, 0xbf, 0xf0, 0x7, 0xff, 0xcb,
    0xff, 0xc0, 0xf, 0xff, 0xf, 0xff, 0x0, 0x7f,
    0xfc, 0xbf, 0xfc, 0x0, 0xbf, 0xf0, 0xff, 0xe0,
    0x7, 0xff, 0xcb, 0xff, 0xc0, 0x7, 0xff, 0x5f,
    0xfc, 0x0, 0x7f, 0xfc, 0xbf, 0xfc, 0x0, 0x3f,
    0xfa, 0xff, 0xc0, 0x7, 0xff, 0xcb, 0xff, 0xc0,
    0x3, 0xff, 0xff, 0xf8, 0x0, 0x7f, 0xfc, 0xbf,
    0xfc, 0x0, 0x1f, 0xff, 0xff, 0x40, 0x7, 0xff,
    0xcb, 0xff, 0xc0, 0x0, 0xff, 0xff, 0xf0, 0x0,
    0x7f, 0xfc, 0xbf, 0xfc, 0x0, 0xf, 0xff, 0xfe,
    0x0, 0x7, 0xff, 0xcb, 0xff, 0xc0, 0x0, 0x7f,
    0xff, 0xd0, 0x0, 0x7f, 0xfc, 0xbf, 0xfc, 0x0,
    0x3, 0xff, 0xfc, 0x0, 0x7, 0xff, 0xcb, 0xff,
    0xc0, 0x0, 0x3f, 0xff, 0x80, 0x0, 0x7f, 0xfc,
    0xbf, 0xfc, 0x0, 0x1, 0xff, 0xf4, 0x0, 0x7,
    0xff, 0xcb, 0xff, 0xc0, 0x0, 0xf, 0xff, 0x0,
    0x0, 0x7f, 0xfc,

    /* U+004E "N" */
    0x6a, 0xaa, 0x0, 0x0, 0x0, 0x2, 0xaa, 0x8b,
    0xff, 0xf8, 0x0, 0x0, 0x0, 0x7f, 0xfd, 0xbf,
    0xff, 0xc0, 0x0, 0x0, 0x7, 0xff, 0xdb, 0xff,
    0xff, 0x0, 0x0, 0x0, 0x7f, 0xfd, 0xbf, 0xff,
    0xf4, 0x0, 0x0, 0x7, 0xff, 0xdb, 0xff, 0xff,
    0xc0, 0x0, 0x0, 0x7f, 0xfd, 0xbf, 0xff, 0xfe,
    0x0, 0x0, 0x7, 0xff, 0xdb, 0xff, 0xff, 0xf4,
    0x0, 0x0, 0x7f, 0xfd, 0xbf, 0xff, 0xff, 0xc0,
    0x0, 0x7, 0xff, 0xdb, 0xff, 0xff, 0xfe, 0x0,
    0x0, 0x7f, 0xfd, 0xbf, 0xfe, 0xff, 0xf0, 0x0,
    0x7, 0xff, 0xdb, 0xff, 0xcf, 0xff, 0xc0, 0x0,
    0x7f, 0xfd, 0xbf, 0xfc, 0x7f, 0xfd, 0x0, 0x7,
    0xff, 0xdb, 0xff, 0xc3, 0xff, 0xf0, 0x0, 0x7f,
    0xfd, 0xbf, 0xfc, 0xf, 0xff, 0x80, 0x7, 0xff,
    0xdb, 0xff, 0xc0, 0xbf, 0xfd, 0x0, 0x7f, 0xfd,
    0xbf, 0xfc, 0x3, 0xff, 0xf0, 0x7, 0xff, 0xdb,
    0xff, 0xc0, 0x1f, 0xff, 0x80, 0x3f, 0xfd, 0xbf,
    0xfc, 0x0, 0xbf, 0xfc, 0x3, 0xff, 0xdb, 0xff,
    0xc0, 0x3, 0xff, 0xf0, 0x3f, 0xfd, 0xbf, 0xfc,
    0x0, 0x1f, 0xff, 0x43, 0xff, 0xdb, 0xff, 0xc0,
    0x0, 0xff, 0xfc, 0x3f, 0xfd, 0xbf, 0xfc, 0x0,
    0x3, 0xff, 0xe3, 0xff, 0xdb, 0xff, 0xc0, 0x0,
    0x2f, 0xff, 0x7f, 0xfd, 0xbf, 0xfc, 0x0, 0x0,
    0xff, 0xff, 0xff, 0xdb, 0xff, 0xc0, 0x0, 0x7,
    0xff, 0xff, 0xfd, 0xbf, 0xfc, 0x0, 0x0, 0x2f,
    0xff, 0xff, 0xdb, 0xff, 0xc0, 0x0, 0x0, 0xff,
    0xff, 0xfd, 0xbf, 0xfc, 0x0, 0x0, 0x7, 0xff,
    0xff, 0xdb, 0xff, 0xc0, 0x0, 0x0, 0x2f, 0xff,
    0xfd, 0xbf, 0xfc, 0x0, 0x0, 0x0, 0xff, 0xff,
    0xdb, 0xff, 0xc0, 0x0, 0x0, 0x7, 0xff, 0xfd,
    0xbf, 0xfc, 0x0, 0x0, 0x0, 0x3f, 0xff, 0xdb,
    0xff, 0xc0, 0x0, 0x0, 0x0, 0xff, 0xfd,

    /* U+004F "O" */
    0x0, 0x0, 0x0, 0x6f, 0xff, 0xe4, 0x0, 0x0,
    0x0, 0x0, 0x0, 0x2f, 0xff, 0xff, 0xfe, 0x0,
    0x0, 0x0, 0x0, 0xb, 0xff, 0xff, 0xff, 0xff,
    0x80, 0x0, 0x0, 0x0, 0xff, 0xff, 0xff, 0xff,
    0xff, 0xc0, 0x0, 0x0, 0x1f, 0xff, 0xff, 0xff,
    0xff, 0xff, 0xd0, 0x0, 0x0, 0xff, 0xff, 0xff,
    0xff, 0xff, 0xff, 0xc0, 0x0, 0xf, 0xff, 0xfe,
    0x40, 0x6, 0xff, 0xff, 0xc0, 0x0, 0xbf, 0xff,
    0xc0, 0x0, 0x0, 0xff, 0xff, 0x80, 0x3, 0xff,
    0xfc, 0x0, 0x0, 0x0, 0xff, 0xff, 0x0, 0x2f,
    0xff, 0xc0, 0x0, 0x0, 0x0, 0xff, 0xfe, 0x0,
    0xff, 0xfd, 0x0, 0x0, 0x0, 0x1, 0xff, 0xfc,
    0x7, 0xff, 0xf0, 0x0, 0x0, 0x0, 0x3, 0xff,
    0xf4, 0x2f, 0xff, 0x40, 0x0, 0x0, 0x0, 0x7,
    0xff, 0xe0, 0xff, 0xfc, 0x0, 0x0, 0x0, 0x0,
    0xf, 0xff, 0xc3, 0xff, 0xf0, 0x0, 0x0, 0x0,
    0x0, 0x3f, 0xff, 0xf, 0xff, 0x80, 0x0, 0x0,
    0x0, 0x0, 0xbf, 0xfc, 0x7f, 0xfe, 0x0, 0x0,
    0x0, 0x0, 0x2, 0xff, 0xf5, 0xff, 0xf8, 0x0,
    0x0, 0x0, 0x0, 0xb, 0xff, 0xd7, 0xff, 0xe0,
    0x0, 0x0, 0x0, 0x0, 0x2f, 0xff, 0x4f, 0xff,
    0x80, 0x0, 0x0, 0x0, 0x0, 0xbf, 0xfc, 0x3f,
    0xff, 0x0, 0x0, 0x0, 0x0, 0x3, 0xff, 0xf0,
    0xff, 0xfc, 0x0, 0x0, 0x0, 0x0, 0xf, 0xff,
    0xc2, 0xff, 0xf4, 0x0, 0x0, 0x0, 0x0, 0x7f,
    0xfe, 0x7, 0xff, 0xf0, 0x0, 0x0, 0x0, 0x3,
    0xff, 0xf4, 0xf, 0xff, 0xd0, 0x0, 0x0, 0x0,
    0x1f, 0xff, 0xc0, 0x2f, 0xff, 0xc0, 0x0, 0x0,
    0x0, 0xff, 0xfe, 0x0, 0x3f, 0xff, 0xc0, 0x0,
    0x0, 0xf, 0xff, 0xf0, 0x0, 0xbf, 0xff, 0xc0,
    0x0, 0x0, 0xff, 0xff, 0x80, 0x0, 0xff, 0xff,
    0xe4, 0x0, 0x6f, 0xff, 0xfc, 0x0, 0x0, 0xff,
    0xff, 0xff, 0xff, 0xff, 0xff, 0xc0, 0x0, 0x1,
    0xff, 0xff, 0xff, 0xff, 0xff, 0xfd, 0x0, 0x0,
    0x0, 0xff, 0xff, 0xff, 0xff, 0xff, 0xc0, 0x0,
    0x0, 0x0, 0xbf, 0xff, 0xff, 0xff, 0xf8, 0x0,
    0x0, 0x0, 0x0, 0x2f, 0xff, 0xff, 0xfe, 0x0,
    0x0, 0x0, 0x0, 0x0, 0x6, 0xff, 0xfe, 0x40,
    0x0, 0x0, 0x0,

    /* U+0050 "P" */
    0x6a, 0xaa, 0xaa, 0xaa, 0x55, 0x0, 0x0, 0x2f,
    0xff, 0xff, 0xff, 0xff, 0xfd, 0x0, 0xb, 0xff,
    0xff, 0xff, 0xff, 0xff, 0xf0, 0x2, 0xff, 0xff,
    0xff, 0xff, 0xff, 0xff, 0x40, 0xbf, 0xff, 0xff,
    0xff, 0xff, 0xff, 0xf0, 0x2f, 0xff, 0xff, 0xff,
    0xff, 0xff, 0xff, 0xb, 0xff, 0xc0, 0x0, 0x0,
    0x7f, 0xff, 0xd2, 0xff, 0xf0, 0x0, 0x0, 0x3,
    0xff, 0xf8, 0xbf, 0xfc, 0x0, 0x0, 0x0, 0x3f,
    0xff, 0x2f, 0xff, 0x0, 0x0, 0x0, 0xb, 0xff,
    0xcb, 0xff, 0xc0, 0x0, 0x0, 0x2, 0xff, 0xf2,
    0xff, 0xf0, 0x0, 0x0, 0x0, 0xbf, 0xfc, 0xbf,
    0xfc, 0x0, 0x0, 0x0, 0x2f, 0xff, 0x2f, 0xff,
    0x0, 0x0, 0x0, 0xf, 0xff, 0xcb, 0xff, 0xc0,
    0x0, 0x0, 0xf, 0xff, 0xe2, 0xff, 0xf0, 0x0,
    0x0, 0x1f, 0xff, 0xf4, 0xbf, 0xff, 0xff, 0xff,
    0xff, 0xff, 0xfc, 0x2f, 0xff, 0xff, 0xff, 0xff,
    0xff, 0xfc, 0xb, 0xff, 0xff, 0xff, 0xff, 0xff,
    0xfd, 0x2, 0xff, 0xff, 0xff, 0xff, 0xff, 0xfc,
    0x0, 0xbf, 0xff, 0xff, 0xff, 0xff, 0xf4, 0x0,
    0x2f, 0xff, 0x95, 0x55, 0x55, 0x40, 0x0, 0xb,
    0xff, 0xc0, 0x0, 0x0, 0x0, 0x0, 0x2, 0xff,
    0xf0, 0x0, 0x0, 0x0, 0x0, 0x0, 0xbf, 0xfc,
    0x0, 0x0, 0x0, 0x0, 0x0, 0x2f, 0xff, 0x0,
    0x0, 0x0, 0x0, 0x0, 0xb, 0xff, 0xc0, 0x0,
    0x0, 0x0, 0x0, 0x2, 0xff, 0xf0, 0x0, 0x0,
    0x0, 0x0, 0x0, 0xbf, 0xfc, 0x0, 0x0, 0x0,
    0x0, 0x0, 0x2f, 0xff, 0x0, 0x0, 0x0, 0x0,
    0x0, 0xb, 0xff, 0xc0, 0x0, 0x0, 0x0, 0x0,
    0x2, 0xff, 0xf0, 0x0, 0x0, 0x0, 0x0, 0x0,
    0xbf, 0xfc, 0x0, 0x0, 0x0, 0x0, 0x0, 0x2f,
    0xff, 0x0, 0x0, 0x0, 0x0, 0x0, 0x0,

    /* U+0051 "Q" */
    0x0, 0x0, 0x0, 0x6f, 0xff, 0xe4, 0x0, 0x0,
    0x0, 0x0, 0x0, 0x2f, 0xff, 0xff, 0xfe, 0x0,
    0x0, 0x0, 0x0, 0xb, 0xff, 0xff, 0xff, 0xff,
    0x80, 0x0, 0x0, 0x0, 0xff, 0xff, 0xff, 0xff,
    0xff, 0xc0, 0x0, 0x0, 0x1f, 0xff, 0xff, 0xff,
    0xff, 0xff, 0xd0, 0x0, 0x0, 0xff, 0xff, 0xff,
    0xff, 0xff, 0xff, 0xc0, 0x0, 0xf, 0xff, 0xfe,
    0x40, 0x6, 0xff, 0xff, 0xc0, 0x0, 0xbf, 0xff,
    0xc0, 0x0, 0x0, 0xff, 0xff, 0x80, 0x3, 0xff,
    0xfc, 0x0, 0x0, 0x0, 0xff, 0xff, 0x0, 0x2f,
    0xff, 0xc0, 0x0, 0x0, 0x0, 0xff, 0xfe, 0x0,
    0xff, 0xfd, 0x0, 0x0, 0x0, 0x1, 0xff, 0xfc,
    0x7, 0xff, 0xf0, 0x0, 0x0, 0x0, 0x3, 0xff,
    0xf4, 0x2f, 0xff, 0x40, 0x0, 0x0, 0x0, 0x7,
    0xff, 0xe0, 0xff, 0xfc, 0x0, 0x0, 0x0, 0x0,
    0xf, 0xff, 0xc3, 0xff, 0xf0, 0x0, 0x0, 0x0,
    0x0, 0x3f, 0xff, 0xf, 0xff, 0x80, 0x0, 0x0,
    0x0, 0x0, 0xbf, 0xfc, 0x7f, 0xfe, 0x0, 0x0,
    0x0, 0x0, 0x2, 0xff, 0xf5, 0xff, 0xf8, 0x0,
    0x0, 0x0, 0x0, 0xb, 0xff, 0xd7, 0xff, 0xe0,
    0x0, 0x0, 0x0, 0x0, 0x2f, 0xff, 0x4f, 0xff,
    0x80, 0x0, 0x0, 0x0, 0x0, 0xbf, 0xfc, 0x3f,
    0xff, 0x0, 0x0, 0x0, 0x0, 0x3, 0xff, 0xf0,
    0xff, 0xfc, 0x0, 0x0, 0xb, 0x80, 0xf, 0xff,
    0xc2, 0xff, 0xf4, 0x0, 0x0, 0xff, 0x40, 0x7f,
    0xfe, 0x7, 0xff, 0xf0, 0x0, 0x1f, 0xff, 0x43,
    0xff, 0xf4, 0xf, 0xff, 0xd0, 0x0, 0x3f, 0xff,
    0x1f, 0xff, 0xc0, 0x2f, 0xff, 0xc0, 0x0, 0x7f,
    0xff, 0xff, 0xfe, 0x0, 0x3f, 0xff, 0xc0, 0x0,
    0xbf, 0xff, 0xff, 0xf0, 0x0, 0xbf, 0xff, 0xc0,
    0x0, 0xff, 0xff, 0xff, 0x80, 0x0, 0xff, 0xff,
    0xe4, 0x0, 0xff, 0xff, 0xfc, 0x0, 0x0, 0xff,
    0xff, 0xff, 0xff, 0xff, 0xff, 0xc0, 0x0, 0x1,
    0xff, 0xff, 0xff, 0xff, 0xff, 0xfd, 0x0, 0x0,
    0x0, 0xff, 0xff, 0xff, 0xff, 0xff, 0xf4, 0x0,
    0x0, 0x0, 0xbf, 0xff, 0xff, 0xff, 0xff, 0xf0,
    0x0, 0x0, 0x0, 0x2f, 0xff, 0xff, 0xff, 0xff,
    0xf0, 0x0, 0x0, 0x0, 0x6, 0xff, 0xfe, 0x47,
    0xff, 0xd0, 0x0, 0x0, 0x0, 0x0, 0x0, 0x0,
    0xb, 0xfc, 0x0, 0x0, 0x0, 0x0, 0x0, 0x0,
    0x0, 0xf, 0x80, 0x0, 0x0, 0x0, 0x0, 0x0,
    0x0, 0x0, 0x4, 0x0, 0x0,

    /* U+0052 "R" */
    0x6a, 0xaa, 0xaa, 0xaa, 0x54, 0x0, 0x0, 0xb,
    0xff, 0xff, 0xff, 0xff, 0xfe, 0x0, 0x0, 0xbf,
    0xff, 0xff, 0xff, 0xff, 0xfd, 0x0, 0xb, 0xff,
    0xff, 0xff, 0xff, 0xff, 0xf8, 0x0, 0xbf, 0xff,
    0xff, 0xff, 0xff, 0xff, 0xe0, 0xb, 0xff, 0xff,
    0xff, 0xff, 0xff, 0xff, 0x40, 0xbf, 0xfc, 0x0,
    0x0, 0x1b, 0xff, 0xfc, 0xb, 0xff, 0xc0, 0x0,
    0x0, 0xf, 0xff, 0xd0, 0xbf, 0xfc, 0x0, 0x0,
    0x0, 0x7f, 0xfe, 0xb, 0xff, 0xc0, 0x0, 0x0,
    0x3, 0xff, 0xe0, 0xbf, 0xfc, 0x0, 0x0, 0x0,
    0x3f, 0xff, 0xb, 0xff, 0xc0, 0x0, 0x0, 0x3,
    0xff, 0xf0, 0xbf, 0xfc, 0x0, 0x0, 0x0, 0x3f,
    0xff, 0xb, 0xff, 0xc0, 0x0, 0x0, 0x7, 0xff,
    0xe0, 0xbf, 0xfc, 0x0, 0x0, 0x0, 0xff, 0xfd,
    0xb, 0xff, 0xc0, 0x0, 0x1, 0xbf, 0xff, 0xc0,
    0xbf, 0xff, 0xff, 0xff, 0xff, 0xff, 0xf4, 0xb,
    0xff, 0xff, 0xff, 0xff, 0xff, 0xfe, 0x0, 0xbf,
    0xff, 0xff, 0xff, 0xff, 0xff, 0x80, 0xb, 0xff,
    0xff, 0xff, 0xff, 0xff, 0xe0, 0x0, 0xbf, 0xff,
    0xff, 0xff, 0xff, 0xe0, 0x0, 0xb, 0xff, 0xe5,
    0x56, 0xff, 0xfc, 0x0, 0x0, 0xbf, 0xfc, 0x0,
    0xf, 0xff, 0xd0, 0x0, 0xb, 0xff, 0xc0, 0x0,
    0x3f, 0xff, 0x0, 0x0, 0xbf, 0xfc, 0x0, 0x2,
    0xff, 0xfc, 0x0, 0xb, 0xff, 0xc0, 0x0, 0xf,
    0xff, 0xd0, 0x0, 0xbf, 0xfc, 0x0, 0x0, 0x3f,
    0xff, 0x0, 0xb, 0xff, 0xc0, 0x0, 0x2, 0xff,
    0xfc, 0x0, 0xbf, 0xfc, 0x0, 0x0, 0xf, 0xff,
    0xd0, 0xb, 0xff, 0xc0, 0x0, 0x0, 0x7f, 0xff,
    0x0, 0xbf, 0xfc, 0x0, 0x0, 0x2, 0xff, 0xfc,
    0xb, 0xff, 0xc0, 0x0, 0x0, 0xf, 0xff, 0xd0,
    0xbf, 0xfc, 0x0, 0x0, 0x0, 0x7f, 0xff, 0xb,
    0xff, 0xc0, 0x0, 0x0, 0x2, 0xff, 0xfc,

    /* U+0053 "S" */
    0x0, 0x0, 0x6, 0xff, 0xfe, 0x40, 0x0, 0x0,
    0x0, 0xb, 0xff, 0xff, 0xff, 0xd0, 0x0, 0x0,
    0xb, 0xff, 0xff, 0xff, 0xff, 0xd0, 0x0, 0x2,
    0xff, 0xff, 0xff, 0xff, 0xff, 0x80, 0x0, 0xbf,
    0xff, 0xff, 0xff, 0xff, 0xff, 0x0, 0x1f, 0xff,
    0xff, 0xff, 0xff, 0xff, 0xf8, 0x3, 0xff, 0xfd,
    0x0, 0x1, 0xff, 0xff, 0x0, 0x7f, 0xff, 0x0,
    0x0, 0x1, 0xff, 0xc0, 0xb, 0xff, 0xc0, 0x0,
    0x0, 0x2, 0xf0, 0x0, 0xbf, 0xfc, 0x0, 0x0,
    0x0, 0x5, 0x0, 0xb, 0xff, 0xc0, 0x0, 0x0,
    0x0, 0x0, 0x0, 0xbf, 0xfe, 0x0, 0x0, 0x0,
    0x0, 0x0, 0x7, 0xff, 0xf8, 0x0, 0x0, 0x0,
    0x0, 0x0, 0x3f, 0xff, 0xfe, 0x40, 0x0, 0x0,
    0x0, 0x2, 0xff, 0xff, 0xff, 0xe4, 0x0, 0x0,
    0x0, 0xf, 0xff, 0xff, 0xff, 0xf9, 0x0, 0x0,
    0x0, 0x2f, 0xff, 0xff, 0xff, 0xfe, 0x40, 0x0,
    0x0, 0x7f, 0xff, 0xff, 0xff, 0xfe, 0x0, 0x0,
    0x0, 0x2f, 0xff, 0xff, 0xff, 0xfc, 0x0, 0x0,
    0x0, 0xb, 0xff, 0xff, 0xff, 0xf0, 0x0, 0x0,
    0x0, 0x0, 0x6f, 0xff, 0xff, 0x80, 0x0, 0x0,
    0x0, 0x0, 0xb, 0xff, 0xfc, 0x0, 0x0, 0x0,
    0x0, 0x0, 0xf, 0xff, 0xc0, 0x0, 0x0, 0x0,
    0x0, 0x0, 0xbf, 0xfd, 0x0, 0x50, 0x0, 0x0,
    0x0, 0x7, 0xff, 0xd0, 0x1f, 0x40, 0x0, 0x0,
    0x0, 0x7f, 0xfd, 0x7, 0xfe, 0x0, 0x0, 0x0,
    0xf, 0xff, 0xc0, 0xff, 0xfd, 0x0, 0x0, 0x2,
    0xff, 0xfc, 0x3f, 0xff, 0xfe, 0x0, 0x1, 0xff,
    0xff, 0x41, 0xff, 0xff, 0xff, 0xff, 0xff, 0xff,
    0xf0, 0x7, 0xff, 0xff, 0xff, 0xff, 0xff, 0xfc,
    0x0, 0xb, 0xff, 0xff, 0xff, 0xff, 0xff, 0x40,
    0x0, 0x1f, 0xff, 0xff, 0xff, 0xff, 0xc0, 0x0,
    0x0, 0x1f, 0xff, 0xff, 0xff, 0xd0, 0x0, 0x0,
    0x0, 0x6, 0xff, 0xfe, 0x40, 0x0, 0x0,

    /* U+0054 "T" */
    0x6a, 0xaa, 0xaa, 0xaa, 0xaa, 0xaa, 0xa8, 0xbf,
    0xff, 0xff, 0xff, 0xff, 0xff, 0xfc, 0xbf, 0xff,
    0xff, 0xff, 0xff, 0xff, 0xfc, 0xbf, 0xff, 0xff,
    0xff, 0xff, 0xff, 0xfc, 0xbf, 0xff, 0xff, 0xff,
    0xff, 0xff, 0xfc, 0xbf, 0xff, 0xff, 0xff, 0xff,
    0xff, 0xfc, 0x0, 0x0, 0xb, 0xff, 0xc0, 0x0,
    0x0, 0x0, 0x0, 0xb, 0xff, 0xc0, 0x0, 0x0,
    0x0, 0x0, 0xb, 0xff, 0xc0, 0x0, 0x0, 0x0,
    0x0, 0xb, 0xff, 0xc0, 0x0, 0x0, 0x0, 0x0,
    0xb, 0xff, 0xc0, 0x0, 0x0, 0x0, 0x0, 0xb,
    0xff, 0xc0, 0x0, 0x0, 0x0, 0x0, 0xb, 0xff,
    0xc0, 0x0, 0x0, 0x0, 0x0, 0xb, 0xff, 0xc0,
    0x0, 0x0, 0x0, 0x0, 0xb, 0xff, 0xc0, 0x0,
    0x0, 0x0, 0x0, 0xb, 0xff, 0xc0, 0x0, 0x0,
    0x0, 0x0, 0xb, 0xff, 0xc0, 0x0, 0x0, 0x0,
    0x0, 0xb, 0xff, 0xc0, 0x0, 0x0, 0x0, 0x0,
    0xb, 0xff, 0xc0, 0x0, 0x0, 0x0, 0x0, 0xb,
    0xff, 0xc0, 0x0, 0x0, 0x0, 0x0, 0xb, 0xff,
    0xc0, 0x0, 0x0, 0x0, 0x0, 0xb, 0xff, 0xc0,
    0x0, 0x0, 0x0, 0x0, 0xb, 0xff, 0xc0, 0x0,
    0x0, 0x0, 0x0, 0xb, 0xff, 0xc0, 0x0, 0x0,
    0x0, 0x0, 0xb, 0xff, 0xc0, 0x0, 0x0, 0x0,
    0x0, 0xb, 0xff, 0xc0, 0x0, 0x0, 0x0, 0x0,
    0xb, 0xff, 0xc0, 0x0, 0x0, 0x0, 0x0, 0xb,
    0xff, 0xc0, 0x0, 0x0, 0x0, 0x0, 0xb, 0xff,
    0xc0, 0x0, 0x0, 0x0, 0x0, 0xb, 0xff, 0xc0,
    0x0, 0x0, 0x0, 0x0, 0xb, 0xff, 0xc0, 0x0,
    0x0, 0x0, 0x0, 0xb, 0xff, 0xc0, 0x0, 0x0,
    0x0, 0x0, 0xb, 0xff, 0xc0, 0x0, 0x0, 0x0,
    0x0, 0xb, 0xff, 0xc0, 0x0, 0x0,

    /* U+0055 "U" */
    0x6a, 0xa4, 0x0, 0x0, 0x0, 0x2a, 0xa9, 0xbf,
    0xfc, 0x0, 0x0, 0x0, 0x3f, 0xfe, 0xbf, 0xfc,
    0x0, 0x0, 0x0, 0x3f, 0xfe, 0xbf, 0xfc, 0x0,
    0x0, 0x0, 0x3f, 0xfe, 0xbf, 0xfc, 0x0, 0x0,
    0x0, 0x3f, 0xfe, 0xbf, 0xfc, 0x0, 0x0, 0x0,
    0x3f, 0xfe, 0xbf, 0xfc, 0x0, 0x0, 0x0, 0x3f,
    0xfe, 0xbf, 0xfc, 0x0, 0x0, 0x0, 0x3f, 0xfe,
    0xbf, 0xfc, 0x0, 0x0, 0x0, 0x3f, 0xfe, 0xbf,
    0xfc, 0x0, 0x0, 0x0, 0x3f, 0xfe, 0xbf, 0xfc,
    0x0, 0x0, 0x0, 0x3f, 0xfe, 0xbf, 0xfc, 0x0,
    0x0, 0x0, 0x3f, 0xfe, 0xbf, 0xfc, 0x0, 0x0,
    0x0, 0x3f, 0xfe, 0xbf, 0xfc, 0x0, 0x0, 0x0,
    0x3f, 0xfe, 0xbf, 0xfc, 0x0, 0x0, 0x0, 0x3f,
    0xfe, 0xbf, 0xfc, 0x0, 0x0, 0x0, 0x3f, 0xfe,
    0xbf, 0xfc, 0x0, 0x0, 0x0, 0x3f, 0xfe, 0xbf,
    0xfc, 0x0, 0x0, 0x0, 0x3f, 0xfe, 0xbf, 0xfc,
    0x0, 0x0, 0x0, 0x3f, 0xfe, 0xbf, 0xfc, 0x0,
    0x0, 0x0, 0x3f, 0xfe, 0xbf, 0xfc, 0x0, 0x0,
    0x0, 0x3f, 0xfe, 0xbf, 0xfc, 0x0, 0x0, 0x0,
    0x3f, 0xfe, 0xbf, 0xfc, 0x0, 0x0, 0x0, 0x3f,
    0xfe, 0xbf, 0xfc, 0x0, 0x0, 0x0, 0x3f, 0xfe,
    0xbf, 0xfc, 0x0, 0x0, 0x0, 0x7f, 0xfd, 0xbf,
    0xfd, 0x0, 0x0, 0x0, 0xbf, 0xfd, 0x7f, 0xff,
    0x0, 0x0, 0x0, 0xff, 0xfc, 0x3f, 0xff, 0xc0,
    0x0, 0x3, 0xff, 0xfc, 0x2f, 0xff, 0xf4, 0x0,
    0x2f, 0xff, 0xf8, 0xf, 0xff, 0xff, 0xff, 0xff,
    0xff, 0xf0, 0xb, 0xff, 0xff, 0xff, 0xff, 0xff,
    0xd0, 0x2, 0xff, 0xff, 0xff, 0xff, 0xff, 0x80,
    0x0, 0x7f, 0xff, 0xff, 0xff, 0xfd, 0x0, 0x0,
    0xb, 0xff, 0xff, 0xff, 0xe0, 0x0, 0x0, 0x0,
    0x6b, 0xff, 0xe9, 0x0, 0x0,

    /* U+0056 "V" */
    0x2a, 0xa9, 0x0, 0x0, 0x0, 0x0, 0x6a, 0xa8,
    0x3f, 0xff, 0x0, 0x0, 0x0, 0x0, 0xff, 0xfc,
    0x3f, 0xff, 0x0, 0x0, 0x0, 0x0, 0xff, 0xfc,
    0x1f, 0xff, 0x80, 0x0, 0x0, 0x1, 0xff, 0xf4,
    0xf, 0xff, 0xc0, 0x0, 0x0, 0x3, 0xff, 0xf0,
    0xf, 0xff, 0xc0, 0x0, 0x0, 0x3, 0xff, 0xf0,
    0x7, 0xff, 0xe0, 0x0, 0x0, 0x7, 0xff, 0xd0,
    0x3, 0xff, 0xf0, 0x0, 0x0, 0xb, 0xff, 0xc0,
    0x3, 0xff, 0xf0, 0x0, 0x0, 0xf, 0xff, 0xc0,
    0x1, 0xff, 0xf8, 0x0, 0x0, 0x1f, 0xff, 0x40,
    0x0, 0xff, 0xfc, 0x0, 0x0, 0x2f, 0xff, 0x0,
    0x0, 0xff, 0xfc, 0x0, 0x0, 0x3f, 0xff, 0x0,
    0x0, 0x7f, 0xfd, 0x0, 0x0, 0x7f, 0xfd, 0x0,
    0x0, 0x3f, 0xff, 0x0, 0x0, 0xbf, 0xfc, 0x0,
    0x0, 0x3f, 0xff, 0x0, 0x0, 0xff, 0xfc, 0x0,
    0x0, 0x1f, 0xff, 0x40, 0x1, 0xff, 0xf4, 0x0,
    0x0, 0xf, 0xff, 0xc0, 0x2, 0xff, 0xf0, 0x0,
    0x0, 0xb, 0xff, 0xc0, 0x3, 0xff, 0xf0, 0x0,
    0x0, 0x7, 0xff, 0xd0, 0x3, 0xff, 0xd0, 0x0,
    0x0, 0x3, 0xff, 0xf0, 0xb, 0xff, 0xc0, 0x0,
    0x0, 0x2, 0xff, 0xf0, 0xf, 0xff, 0x80, 0x0,
    0x0, 0x1, 0xff, 0xf4, 0xf, 0xff, 0x40, 0x0,
    0x0, 0x0, 0xff, 0xf8, 0x1f, 0xff, 0x0, 0x0,
    0x0, 0x0, 0xbf, 0xfc, 0x3f, 0xfe, 0x0, 0x0,
    0x0, 0x0, 0x7f, 0xfc, 0x3f, 0xfd, 0x0, 0x0,
    0x0, 0x0, 0x3f, 0xfe, 0x7f, 0xfc, 0x0, 0x0,
    0x0, 0x0, 0x2f, 0xff, 0xbf, 0xf8, 0x0, 0x0,
    0x0, 0x0, 0x1f, 0xff, 0xff, 0xf4, 0x0, 0x0,
    0x0, 0x0, 0xf, 0xff, 0xff, 0xf0, 0x0, 0x0,
    0x0, 0x0, 0xb, 0xff, 0xff, 0xe0, 0x0, 0x0,
    0x0, 0x0, 0x7, 0xff, 0xff, 0xd0, 0x0, 0x0,
    0x0, 0x0, 0x3, 0xff, 0xff, 0xc0, 0x0, 0x0,
    0x0, 0x0, 0x2, 0xff, 0xff, 0x80, 0x0, 0x0,
    0x0, 0x0, 0x1, 0xff, 0xff, 0x40, 0x0, 0x0,

    /* U+0057 "W" */
    0x6a, 0xa8, 0x0, 0x0, 0x1, 0xaa, 0x90, 0x0,
    0x0, 0xa, 0xaa, 0x2f, 0xff, 0x40, 0x0, 0x0,
    0xff, 0xfc, 0x0, 0x0, 0x7, 0xff, 0xc7, 0xff,
    0xd0, 0x0, 0x0, 0x7f, 0xff, 0x40, 0x0, 0x2,
    0xff, 0xf0, 0xff, 0xf8, 0x0, 0x0, 0x2f, 0xff,
    0xe0, 0x0, 0x0, 0xff, 0xf8, 0x3f, 0xff, 0x0,
    0x0, 0xf, 0xff, 0xfc, 0x0, 0x0, 0x3f, 0xfd,
    0xb, 0xff, 0xc0, 0x0, 0x3, 0xff, 0xff, 0x0,
    0x0, 0x1f, 0xff, 0x1, 0xff, 0xf4, 0x0, 0x1,
    0xff, 0xff, 0xd0, 0x0, 0xb, 0xff, 0xc0, 0x3f,
    0xfe, 0x0, 0x0, 0xbf, 0xff, 0xf8, 0x0, 0x3,
    0xff, 0xe0, 0xf, 0xff, 0xc0, 0x0, 0x3f, 0xff,
    0xff, 0x0, 0x0, 0xff, 0xf4, 0x2, 0xff, 0xf0,
    0x0, 0xf, 0xff, 0xff, 0xc0, 0x0, 0x7f, 0xfc,
    0x0, 0x7f, 0xfd, 0x0, 0x7, 0xff, 0xbf, 0xf4,
    0x0, 0x2f, 0xff, 0x0, 0xf, 0xff, 0x80, 0x3,
    0xff, 0xcf, 0xfe, 0x0, 0xf, 0xff, 0x80, 0x3,
    0xff, 0xf0, 0x0, 0xff, 0xe3, 0xff, 0xc0, 0x3,
    0xff, 0xd0, 0x0, 0xbf, 0xfc, 0x0, 0x7f, 0xf4,
    0xff, 0xf0, 0x1, 0xff, 0xf0, 0x0, 0x1f, 0xff,
    0x40, 0x2f, 0xfc, 0x2f, 0xfd, 0x0, 0xbf, 0xfc,
    0x0, 0x3, 0xff, 0xe0, 0xf, 0xff, 0x7, 0xff,
    0x80, 0x3f, 0xfe, 0x0, 0x0, 0xff, 0xfc, 0x3,
    0xff, 0x80, 0xff, 0xf0, 0xf, 0xff, 0x40, 0x0,
    0x2f, 0xff, 0x1, 0xff, 0xd0, 0x3f, 0xfc, 0x3,
    0xff, 0xc0, 0x0, 0x7, 0xff, 0xc0, 0xbf, 0xf0,
    0xb, 0xff, 0x41, 0xff, 0xf0, 0x0, 0x0, 0xff,
    0xf4, 0x3f, 0xfc, 0x1, 0xff, 0xe0, 0xbf, 0xf8,
    0x0, 0x0, 0x3f, 0xfe, 0xf, 0xfe, 0x0, 0x3f,
    0xfc, 0x3f, 0xfd, 0x0, 0x0, 0xb, 0xff, 0xc7,
    0xff, 0x40, 0xf, 0xff, 0xf, 0xff, 0x0, 0x0,
    0x1, 0xff, 0xf2, 0xff, 0xc0, 0x2, 0xff, 0xd3,
    0xff, 0xc0, 0x0, 0x0, 0x3f, 0xfc, 0xff, 0xf0,
    0x0, 0x7f, 0xf9, 0xff, 0xe0, 0x0, 0x0, 0xf,
    0xff, 0x7f, 0xf8, 0x0, 0xf, 0xff, 0xbf, 0xf4,
    0x0, 0x0, 0x2, 0xff, 0xff, 0xfd, 0x0, 0x3,
    0xff, 0xff, 0xfc, 0x0, 0x0, 0x0, 0x7f, 0xff,
    0xff, 0x0, 0x0, 0xbf, 0xff, 0xff, 0x0, 0x0,
    0x0, 0xf, 0xff, 0xff, 0xc0, 0x0, 0x1f, 0xff,
    0xff, 0xc0, 0x0, 0x0, 0x3, 0xff, 0xff, 0xe0,
    0x0, 0x3, 0xff, 0xff, 0xe0, 0x0, 0x0, 0x0,
    0xbf, 0xff, 0xf4, 0x0, 0x0, 0xff, 0xff, 0xf4,
    0x0, 0x0, 0x0, 0x1f, 0xff, 0xfc, 0x0, 0x0,
    0x1f, 0xff, 0xfc, 0x0, 0x0, 0x0, 0x3, 0xff,
    0xff, 0x0, 0x0, 0x3, 0xff, 0xff, 0x0, 0x0,
    0x0, 0x0, 0xff, 0xff, 0x80, 0x0, 0x0, 0xff,
    0xff, 0x80, 0x0, 0x0, 0x0, 0x2f, 0xff, 0xd0,
    0x0, 0x0, 0x2f, 0xff, 0xd0, 0x0, 0x0,

    /* U+0058 "X" */
    0xa, 0xaa, 0x90, 0x0, 0x0, 0x0, 0x6a, 0xaa,
    0x0, 0x7f, 0xff, 0x0, 0x0, 0x0, 0xf, 0xff,
    0xd0, 0x2, 0xff, 0xfc, 0x0, 0x0, 0x3, 0xff,
    0xf8, 0x0, 0xf, 0xff, 0xe0, 0x0, 0x0, 0xbf,
    0xff, 0x0, 0x0, 0x7f, 0xff, 0x0, 0x0, 0xf,
    0xff, 0xc0, 0x0, 0x2, 0xff, 0xfc, 0x0, 0x3,
    0xff, 0xf4, 0x0, 0x0, 0xf, 0xff, 0xe0, 0x0,
    0xbf, 0xfe, 0x0, 0x0, 0x0, 0x3f, 0xff, 0x0,
    0x1f, 0xff, 0xc0, 0x0, 0x0, 0x2, 0xff, 0xfc,
    0x3, 0xff, 0xf4, 0x0, 0x0, 0x0, 0xf, 0xff,
    0xe0, 0xbf, 0xfe, 0x0, 0x0, 0x0, 0x0, 0x3f,
    0xff, 0x5f, 0xff, 0xc0, 0x0, 0x0, 0x0, 0x1,
    0xff, 0xff, 0xff, 0xf0, 0x0, 0x0, 0x0, 0x0,
    0xb, 0xff, 0xff, 0xfe, 0x0, 0x0, 0x0, 0x0,
    0x0, 0x3f, 0xff, 0xff, 0xc0, 0x0, 0x0, 0x0,
    0x0, 0x1, 0xff, 0xff, 0xf0, 0x0, 0x0, 0x0,
    0x0, 0x0, 0xb, 0xff, 0xfd, 0x0, 0x0, 0x0,
    0x0, 0x0, 0x0, 0x7f, 0xff, 0xc0, 0x0, 0x0,
    0x0, 0x0, 0x0, 0xf, 0xff, 0xff, 0x0, 0x0,
    0x0, 0x0, 0x0, 0x3, 0xff, 0xff, 0xf8, 0x0,
    0x0, 0x0, 0x0, 0x0, 0x7f, 0xff, 0xff, 0xc0,
    0x0, 0x0, 0x0, 0x0, 0xf, 0xff, 0xff, 0xff,
    0x0, 0x0, 0x0, 0x0, 0x3, 0xff, 0xfa, 0xff,
    0xf8, 0x0, 0x0, 0x0, 0x0, 0xbf, 0xff, 0xf,
    0xff, 0xd0, 0x0, 0x0, 0x0, 0xf, 0xff, 0xc0,
    0x7f, 0xff, 0x0, 0x0, 0x0, 0x3, 0xff, 0xf4,
    0x2, 0xff, 0xf8, 0x0, 0x0, 0x0, 0xbf, 0xff,
    0x0, 0xf, 0xff, 0xd0, 0x0, 0x0, 0x1f, 0xff,
    0xc0, 0x0, 0x7f, 0xff, 0x0, 0x0, 0x3, 0xff,
    0xf4, 0x0, 0x2, 0xff, 0xfc, 0x0, 0x0, 0xbf,
    0xfe, 0x0, 0x0, 0xf, 0xff, 0xe0, 0x0, 0x1f,
    0xff, 0xc0, 0x0, 0x0, 0x7f, 0xff, 0x0, 0x3,
    0xff, 0xf4, 0x0, 0x0, 0x2, 0xff, 0xfc, 0x0,
    0xff, 0xfe, 0x0, 0x0, 0x0, 0xf, 0xff, 0xe0,
    0x1f, 0xff, 0xc0, 0x0, 0x0, 0x0, 0x3f, 0xff,
    0x43, 0xff, 0xf4, 0x0, 0x0, 0x0, 0x2, 0xff,
    0xfc,

    /* U+0059 "Y" */
    0x2a, 0xa9, 0x0, 0x0, 0x0, 0x0, 0xaa, 0xa4,
    0x3f, 0xff, 0x40, 0x0, 0x0, 0x2, 0xff, 0xf8,
    0x1f, 0xff, 0xc0, 0x0, 0x0, 0x3, 0xff, 0xf0,
    0xf, 0xff, 0xe0, 0x0, 0x0, 0xf, 0xff, 0xd0,
    0x3, 0xff, 0xf0, 0x0, 0x0, 0x1f, 0xff, 0x80,
    0x2, 0xff, 0xfc, 0x0, 0x0, 0x3f, 0xff, 0x0,
    0x0, 0xff, 0xfd, 0x0, 0x0, 0xbf, 0xfd, 0x0,
    0x0, 0x7f, 0xff, 0x0, 0x0, 0xff, 0xfc, 0x0,
    0x0, 0x2f, 0xff, 0x80, 0x3, 0xff, 0xf0, 0x0,
    0x0, 0xf, 0xff, 0xc0, 0x7, 0xff, 0xe0, 0x0,
    0x0, 0x7, 0xff, 0xe0, 0xf, 0xff, 0xc0, 0x0,
    0x0, 0x3, 0xff, 0xf4, 0x2f, 0xff, 0x40, 0x0,
    0x0, 0x0, 0xff, 0xfc, 0x3f, 0xfe, 0x0, 0x0,
    0x0, 0x0, 0xbf, 0xfe, 0xff, 0xfc, 0x0, 0x0,
    0x0, 0x0, 0x3f, 0xff, 0xff, 0xf4, 0x0, 0x0,
    0x0, 0x0, 0x1f, 0xff, 0xff, 0xf0, 0x0, 0x0,
    0x0, 0x0, 0xb, 0xff, 0xff, 0xc0, 0x0, 0x0,
    0x0, 0x0, 0x3, 0xff, 0xff, 0x80, 0x0, 0x0,
    0x0, 0x0, 0x1, 0xff, 0xff, 0x0, 0x0, 0x0,
    0x0, 0x0, 0x0, 0xff, 0xfd, 0x0, 0x0, 0x0,
    0x0, 0x0, 0x0, 0xbf, 0xfc, 0x0, 0x0, 0x0,
    0x0, 0x0, 0x0, 0xbf, 0xfc, 0x0, 0x0, 0x0,
    0x0, 0x0, 0x0, 0xbf, 0xfc, 0x0, 0x0, 0x0,
    0x0, 0x0, 0x0, 0xbf, 0xfc, 0x0, 0x0, 0x0,
    0x0, 0x0, 0x0, 0xbf, 0xfc, 0x0, 0x0, 0x0,
    0x0, 0x0, 0x0, 0xbf, 0xfc, 0x0, 0x0, 0x0,
    0x0, 0x0, 0x0, 0xbf, 0xfc, 0x0, 0x0, 0x0,
    0x0, 0x0, 0x0, 0xbf, 0xfc, 0x0, 0x0, 0x0,
    0x0, 0x0, 0x0, 0xbf, 0xfc, 0x0, 0x0, 0x0,
    0x0, 0x0, 0x0, 0xbf, 0xfc, 0x0, 0x0, 0x0,
    0x0, 0x0, 0x0, 0xbf, 0xfc, 0x0, 0x0, 0x0,
    0x0, 0x0, 0x0, 0xbf, 0xfc, 0x0, 0x0, 0x0,
    0x0, 0x0, 0x0, 0xbf, 0xfc, 0x0, 0x0, 0x0,
    0x0, 0x0, 0x0, 0xbf, 0xfc, 0x0, 0x0, 0x0,

    /* U+005A "Z" */
    0x2a, 0xaa, 0xaa, 0xaa, 0xaa, 0xaa, 0xa4, 0xff,
    0xff, 0xff, 0xff, 0xff, 0xff, 0xe3, 0xff, 0xff,
    0xff, 0xff, 0xff, 0xff, 0x8f, 0xff, 0xff, 0xff,
    0xff, 0xff, 0xfe, 0x3f, 0xff, 0xff, 0xff, 0xff,
    0xff, 0xf8, 0xff, 0xff, 0xff, 0xff, 0xff, 0xff,
    0xe0, 0x0, 0x0, 0x0, 0x0, 0xff, 0xff, 0x0,
    0x0, 0x0, 0x0, 0xb, 0xff, 0xf4, 0x0, 0x0,
    0x0, 0x0, 0x7f, 0xff, 0x40, 0x0, 0x0, 0x0,
    0x7, 0xff, 0xf8, 0x0, 0x0, 0x0, 0x0, 0x3f,
    0xff, 0xc0, 0x0, 0x0, 0x0, 0x3, 0xff, 0xfc,
    0x0, 0x0, 0x0, 0x0, 0x2f, 0xff, 0xc0, 0x0,
    0x0, 0x0, 0x2, 0xff, 0xfd, 0x0, 0x0, 0x0,
    0x0, 0x1f, 0xff, 0xe0, 0x0, 0x0, 0x0, 0x0,
    0xff, 0xfe, 0x0, 0x0, 0x0, 0x0, 0xf, 0xff,
    0xf0, 0x0, 0x0, 0x0, 0x0, 0xff, 0xff, 0x0,
    0x0, 0x0, 0x0, 0xb, 0xff, 0xf4, 0x0, 0x0,
    0x0, 0x0, 0x7f, 0xff, 0x40, 0x0, 0x0, 0x0,
    0x7, 0xff, 0xf8, 0x0, 0x0, 0x0, 0x0, 0x3f,
    0xff, 0xc0, 0x0, 0x0, 0x0, 0x3, 0xff, 0xfc,
    0x0, 0x0, 0x0, 0x0, 0x2f, 0xff, 0xc0, 0x0,
    0x0, 0x0, 0x2, 0xff, 0xfd, 0x0, 0x0, 0x0,
    0x0, 0x1f, 0xff, 0xe0, 0x0, 0x0, 0x0, 0x0,
    0xff, 0xfe, 0x0, 0x0, 0x0, 0x0, 0xf, 0xff,
    0xf0, 0x0, 0x0, 0x0, 0x0, 0xff, 0xff, 0xaa,
    0xaa, 0xaa, 0xaa, 0xa7, 0xff, 0xff, 0xff, 0xff,
    0xff, 0xff, 0xef, 0xff, 0xff, 0xff, 0xff, 0xff,
    0xff, 0xbf, 0xff, 0xff, 0xff, 0xff, 0xff, 0xfe,
    0xff, 0xff, 0xff, 0xff, 0xff, 0xff, 0xfb, 0xff,
    0xff, 0xff, 0xff, 0xff, 0xff, 0xe0,

    /* U+005B "[" */
    0xbf, 0xff, 0xfd, 0xbf, 0xff, 0xfd, 0xbf, 0xff,
    0xfd, 0xbf, 0xff, 0xfd, 0xbf, 0xf9, 0x54, 0xbf,
    0xf0, 0x0, 0xbf, 0xf0, 0x0, 0xbf, 0xf0, 0x0,
    0xbf, 0xf0, 0x0, 0xbf, 0xf0, 0x0, 0xbf, 0xf0,
    0x0, 0xbf, 0xf0, 0x0, 0xbf, 0xf0, 0x0, 0xbf,
    0xf0, 0x0, 0xbf, 0xf0, 0x0, 0xbf, 0xf0, 0x0,
    0xbf, 0xf0, 0x0, 0xbf, 0xf0, 0x0, 0xbf, 0xf0,
    0x0, 0xbf, 0xf0, 0x0, 0xbf, 0xf0, 0x0, 0xbf,
    0xf0, 0x0, 0xbf, 0xf0, 0x0, 0xbf, 0xf0, 0x0,
    0xbf, 0xf0, 0x0, 0xbf, 0xf0, 0x0, 0xbf, 0xf0,
    0x0, 0xbf, 0xf0, 0x0, 0xbf, 0xf0, 0x0, 0xbf,
    0xf0, 0x0, 0xbf, 0xf0, 0x0, 0xbf, 0xf0, 0x0,
    0xbf, 0xf0, 0x0, 0xbf, 0xf0, 0x0, 0xbf, 0xf0,
    0x0, 0xbf, 0xf0, 0x0, 0xbf, 0xf0, 0x0, 0xbf,
    0xf0, 0x0, 0xbf, 0xf0, 0x0, 0xbf, 0xf9, 0x54,
    0xbf, 0xff, 0xfd, 0xbf, 0xff, 0xfd, 0xbf, 0xff,
    0xfd, 0xbf, 0xff, 0xfd,

    /* U+005C "\\" */
    0x2a, 0xa4, 0x0, 0x0, 0x0, 0x3, 0xff, 0xd0,
    0x0, 0x0, 0x0, 0x1f, 0xff, 0x0, 0x0, 0x0,
    0x0, 0xff, 0xf0, 0x0, 0x0, 0x0, 0xb, 0xff,
    0x80, 0x0, 0x0, 0x0, 0x3f, 0xfc, 0x0, 0x0,
    0x0, 0x2, 0xff, 0xe0, 0x0, 0x0, 0x0, 0xf,
    0xff, 0x0, 0x0, 0x0, 0x0, 0xbf, 0xf4, 0x0,
    0x0, 0x0, 0x7, 0xff, 0xc0, 0x0, 0x0, 0x0,
    0x3f, 0xfd, 0x0, 0x0, 0x0, 0x1, 0xff, 0xf0,
    0x0, 0x0, 0x0, 0xf, 0xff, 0x0, 0x0, 0x0,
    0x0, 0xbf, 0xf8, 0x0, 0x0, 0x0, 0x3, 0xff,
    0xc0, 0x0, 0x0, 0x0, 0x2f, 0xfe, 0x0, 0x0,
    0x0, 0x0, 0xff, 0xf0, 0x0, 0x0, 0x0, 0xb,
    0xff, 0x40, 0x0, 0x0, 0x0, 0x7f, 0xfc, 0x0,
    0x0, 0x0, 0x3, 0xff, 0xd0, 0x0, 0x0, 0x0,
    0x1f, 0xff, 0x0, 0x0, 0x0, 0x0, 0xff, 0xf0,
    0x0, 0x0, 0x0, 0xb, 0xff, 0x80, 0x0, 0x0,
    0x0, 0x3f, 0xfc, 0x0, 0x0, 0x0, 0x2, 0xff,
    0xe0, 0x0, 0x0, 0x0, 0xf, 0xff, 0x0, 0x0,
    0x0, 0x0, 0xbf, 0xf4, 0x0, 0x0, 0x0, 0x7,
    0xff, 0xc0, 0x0, 0x0, 0x0, 0x3f, 0xfd, 0x0,
    0x0, 0x0, 0x1, 0xff, 0xf0, 0x0, 0x0, 0x0,
    0xf, 0xff, 0x0, 0x0, 0x0, 0x0, 0xbf, 0xf8,
    0x0, 0x0, 0x0, 0x3, 0xff, 0xc0, 0x0, 0x0,
    0x0, 0x2f, 0xfe,

    /* U+005D "]" */
    0xbf, 0xff, 0xfe, 0xbf, 0xff, 0xfe, 0xbf, 0xff,
    0xfe, 0xbf, 0xff, 0xfe, 0x55, 0x6f, 0xfe, 0x0,
    0xf, 0xfe, 0x0, 0xf, 0xfe, 0x0, 0xf, 0xfe,
    0x0, 0xf, 0xfe, 0x0, 0xf, 0xfe, 0x0, 0xf,
    0xfe, 0x0, 0xf, 0xfe, 0x0, 0xf, 0xfe, 0x0,
    0xf, 0xfe, 0x0, 0xf, 0xfe, 0x0, 0xf, 0xfe,
    0x0, 0xf, 0xfe, 0x0, 0xf, 0xfe, 0x0, 0xf,
    0xfe, 0x0, 0xf, 0xfe, 0x0, 0xf, 0xfe, 0x0,
    0xf, 0xfe, 0x0, 0xf, 0xfe, 0x0, 0xf, 0xfe,
    0x0, 0xf, 0xfe, 0x0, 0xf, 0xfe, 0x0, 0xf,
    0xfe, 0x0, 0xf, 0xfe, 0x0, 0xf, 0xfe, 0x0,
    0xf, 0xfe, 0x0, 0xf, 0xfe, 0x0, 0xf, 0xfe,
    0x0, 0xf, 0xfe, 0x0, 0xf, 0xfe, 0x0, 0xf,
    0xfe, 0x0, 0xf, 0xfe, 0x0, 0xf, 0xfe, 0x0,
    0xf, 0xfe, 0x0, 0xf, 0xfe, 0x55, 0x6f, 0xfe,
    0xbf, 0xff, 0xfe, 0xbf, 0xff, 0xfe, 0xbf, 0xff,
    0xfe, 0xbf, 0xff, 0xfe,

    /* U+005E "^" */
    0x0, 0x0, 0xa, 0xa4, 0x0, 0x0, 0x0, 0x0,
    0xb, 0xff, 0x0, 0x0, 0x0, 0x0, 0x3, 0xff,
    0xd0, 0x0, 0x0, 0x0, 0x2, 0xff, 0xfc, 0x0,
    0x0, 0x0, 0x0, 0xff, 0xff, 0x40, 0x0, 0x0,
    0x0, 0x7f, 0xff, 0xf0, 0x0, 0x0, 0x0, 0x3f,
    0xfb, 0xfd, 0x0, 0x0, 0x0, 0x1f, 0xf8, 0xff,
    0xc0, 0x0, 0x0, 0xf, 0xfc, 0x2f, 0xf0, 0x0,
    0x0, 0x7, 0xfe, 0x3, 0xfe, 0x0, 0x0, 0x3,
    0xff, 0x0, 0xbf, 0xc0, 0x0, 0x1, 0xff, 0x80,
    0x1f, 0xf8, 0x0, 0x0, 0xff, 0xc0, 0x3, 0xff,
    0x0, 0x0, 0x3f, 0xe0, 0x0, 0x7f, 0xe0, 0x0,
    0x2f, 0xf4, 0x0, 0xf, 0xfc, 0x0, 0xf, 0xfc,
    0x0, 0x1, 0xff, 0x40, 0xb, 0xfd, 0x0, 0x0,
    0x3f, 0xf0, 0x3, 0xff, 0x0, 0x0, 0x7, 0xfd,
    0x2, 0xff, 0x40, 0x0, 0x0, 0xff, 0xc0, 0xff,
    0xc0, 0x0, 0x0, 0x2f, 0xf4, 0xbf, 0xd0, 0x0,
    0x0, 0x3, 0xff, 0x0,

    /* U+005F "_" */
    0x15, 0x55, 0x55, 0x55, 0x55, 0x55, 0x55, 0x50,
    0xff, 0xff, 0xff, 0xff, 0xff, 0xff, 0xff, 0xc3,
    0xff, 0xff, 0xff, 0xff, 0xff, 0xff, 0xff, 0xf,
    0xff, 0xff, 0xff, 0xff, 0xff, 0xff, 0xfc, 0x3f,
    0xff, 0xff, 0xff, 0xff, 0xff, 0xff, 0xf0,

    /* U+0060 "`" */
    0x0, 0x0, 0x0, 0xff, 0xf4, 0x2, 0xff, 0xf0,
    0x3, 0xff, 0xd0, 0x7, 0xff, 0xc0, 0xb, 0xff,
    0x40, 0xf, 0xff, 0x0, 0x1f, 0xfd,

    /* U+0061 "a" */
    0x0, 0x0, 0x6f, 0xfe, 0x80, 0x0, 0x0, 0x1f,
    0xff, 0xff, 0xfc, 0x0, 0x0, 0xbf, 0xff, 0xff,
    0xff, 0x40, 0x3, 0xff, 0xff, 0xff, 0xff, 0xd0,
    0xf, 0xff, 0xff, 0xff, 0xff, 0xf0, 0x2f, 0xff,
    0xe4, 0x7, 0xff, 0xf8, 0xf, 0xff, 0x0, 0x0,
    0xbf, 0xfc, 0x2, 0xf8, 0x0, 0x0, 0x3f, 0xfc,
    0x0, 0xa0, 0x0, 0x0, 0x3f, 0xfc, 0x0, 0x0,
    0x0, 0x1, 0x7f, 0xfc, 0x0, 0x0, 0x6, 0xff,
    0xff, 0xfc, 0x0, 0x2, 0xff, 0xff, 0xff, 0xfc,
    0x0, 0x7f, 0xff, 0xff, 0xff, 0xfc, 0x2, 0xff,
    0xff, 0xff, 0xff, 0xfc, 0xb, 0xff, 0xff, 0xe4,
    0x3f, 0xfc, 0x1f, 0xff, 0xe4, 0x0, 0x3f, 0xfc,
    0x3f, 0xff, 0x0, 0x0, 0x3f, 0xfc, 0x3f, 0xfc,
    0x0, 0x0, 0x3f, 0xfc, 0x3f, 0xfc, 0x0, 0x0,
    0xbf, 0xfc, 0x3f, 0xfc, 0x0, 0x2, 0xff, 0xfc,
    0x3f, 0xff, 0x40, 0x1f, 0xff, 0xfc, 0x2f, 0xff,
    0xff, 0xff, 0xff, 0xfc, 0x1f, 0xff, 0xff, 0xff,
    0xff, 0xfc, 0xb, 0xff, 0xff, 0xff, 0x9f, 0xfc,
    0x1, 0xff, 0xff, 0xfd, 0x1f, 0xfc, 0x0, 0x1b,
    0xff, 0x90, 0x0, 0x0,

    /* U+0062 "b" */
    0x2a, 0xa8, 0x0, 0x0, 0x0, 0x0, 0x7, 0xff,
    0xc0, 0x0, 0x0, 0x0, 0x0, 0x7f, 0xfc, 0x0,
    0x0, 0x0, 0x0, 0x7, 0xff, 0xc0, 0x0, 0x0,
    0x0, 0x0, 0x7f, 0xfc, 0x0, 0x0, 0x0, 0x0,
    0x7, 0xff, 0xc0, 0x0, 0x0, 0x0, 0x0, 0x7f,
    0xfc, 0x0, 0x0, 0x0, 0x0, 0x7, 0xff, 0xc0,
    0x0, 0x0, 0x0, 0x0, 0x7f, 0xfc, 0x0, 0x0,
    0x0, 0x0, 0x7, 0xff, 0xc0, 0x0, 0x40, 0x0,
    0x0, 0x7f, 0xfc, 0xb, 0xff, 0xf4, 0x0, 0x7,
    0xff, 0xc7, 0xff, 0xff, 0xf4, 0x0, 0x7f, 0xfe,
    0xff, 0xff, 0xff, 0xd0, 0x7, 0xff, 0xff, 0xff,
    0xff, 0xff, 0x40, 0x7f, 0xff, 0xff, 0xff, 0xff,
    0xfc, 0x7, 0xff, 0xff, 0x80, 0x2f, 0xff, 0xe0,
    0x7f, 0xff, 0xc0, 0x0, 0x7f, 0xff, 0x7, 0xff,
    0xf0, 0x0, 0x1, 0xff, 0xf8, 0x7f, 0xfe, 0x0,
    0x0, 0xf, 0xff, 0xc7, 0xff, 0xc0, 0x0, 0x0,
    0xbf, 0xfc, 0x7f, 0xfc, 0x0, 0x0, 0x7, 0xff,
    0xc7, 0xff, 0xc0, 0x0, 0x0, 0x3f, 0xfc, 0x7f,
    0xfc, 0x0, 0x0, 0x3, 0xff, 0xc7, 0xff, 0xc0,
    0x0, 0x0, 0x3f, 0xfc, 0x7f, 0xfc, 0x0, 0x0,
    0x7, 0xff, 0xc7, 0xff, 0xc0, 0x0, 0x0, 0xbf,
    0xfc, 0x7f, 0xfe, 0x0, 0x0, 0xf, 0xff, 0x87,
    0xff, 0xf4, 0x0, 0x2, 0xff, 0xf4, 0x7f, 0xff,
    0xd0, 0x0, 0xbf, 0xff, 0x7, 0xff, 0xff, 0xe5,
    0xbf, 0xff, 0xe0, 0x7f, 0xff, 0xff, 0xff, 0xff,
    0xfc, 0x7, 0xff, 0xbf, 0xff, 0xff, 0xff, 0x0,
    0x7f, 0xf9, 0xff, 0xff, 0xff, 0xc0, 0x7, 0xff,
    0x83, 0xff, 0xff, 0xe0, 0x0, 0x0, 0x0, 0x6,
    0xff, 0xe0, 0x0, 0x0,

    /* U+0063 "c" */
    0x0, 0x0, 0x2b, 0xff, 0x90, 0x0, 0x0, 0x7,
    0xff, 0xff, 0xfe, 0x0, 0x0, 0x2f, 0xff, 0xff,
    0xff, 0xc0, 0x0, 0xff, 0xff, 0xff, 0xff, 0xf4,
    0x3, 0xff, 0xff, 0xff, 0xff, 0xfc, 0xb, 0xff,
    0xfd, 0x46, 0xff, 0xf8, 0xf, 0xff, 0xd0, 0x0,
    0x2f, 0xe0, 0x2f, 0xff, 0x40, 0x0, 0x7, 0x40,
    0x3f, 0xff, 0x0, 0x0, 0x0, 0x0, 0x3f, 0xfd,
    0x0, 0x0, 0x0, 0x0, 0x7f, 0xfc, 0x0, 0x0,
    0x0, 0x0, 0x7f, 0xfc, 0x0, 0x0, 0x0, 0x0,
    0x7f, 0xfc, 0x0, 0x0, 0x0, 0x0, 0x7f, 0xfc,
    0x0, 0x0, 0x0, 0x0, 0x7f, 0xfc, 0x0, 0x0,
    0x0, 0x0, 0x7f, 0xfc, 0x0, 0x0, 0x0, 0x0,
    0x3f, 0xfd, 0x0, 0x0, 0x0, 0x0, 0x3f, 0xff,
    0x0, 0x0, 0x2, 0x40, 0x2f, 0xff, 0x40, 0x0,
    0xb, 0xe0, 0xf, 0xff, 0xd0, 0x0, 0x3f, 0xf8,
    0xb, 0xff, 0xfd, 0x56, 0xff, 0xfe, 0x3, 0xff,
    0xff, 0xff, 0xff, 0xfc, 0x0, 0xff, 0xff, 0xff,
    0xff, 0xf0, 0x0, 0x3f, 0xff, 0xff, 0xff, 0x80,
    0x0, 0x7, 0xff, 0xff, 0xfd, 0x0, 0x0, 0x0,
    0x6f, 0xff, 0x90, 0x0,

    /* U+0064 "d" */
    0x0, 0x0, 0x0, 0x0, 0x2, 0xaa, 0x80, 0x0,
    0x0, 0x0, 0x0, 0x3f, 0xfc, 0x0, 0x0, 0x0,
    0x0, 0x3, 0xff, 0xc0, 0x0, 0x0, 0x0, 0x0,
    0x3f, 0xfc, 0x0, 0x0, 0x0, 0x0, 0x3, 0xff,
    0xc0, 0x0, 0x0, 0x0, 0x0, 0x3f, 0xfc, 0x0,
    0x0, 0x0, 0x0, 0x3, 0xff, 0xc0, 0x0, 0x0,
    0x0, 0x0, 0x3f, 0xfc, 0x0, 0x0, 0x0, 0x0,
    0x3, 0xff, 0xc0, 0x0, 0x0, 0x54, 0x0, 0x3f,
    0xfc, 0x0, 0x2, 0xff, 0xfe, 0x3, 0xff, 0xc0,
    0x2, 0xff, 0xff, 0xfd, 0x3f, 0xfc, 0x0, 0xbf,
    0xff, 0xff, 0xfb, 0xff, 0xc0, 0x2f, 0xff, 0xff,
    0xff, 0xff, 0xfc, 0x7, 0xff, 0xff, 0xff, 0xff,
    0xff, 0xc0, 0xff, 0xff, 0x80, 0x2f, 0xff, 0xfc,
    0x1f, 0xff, 0xc0, 0x0, 0x7f, 0xff, 0xc3, 0xff,
    0xf0, 0x0, 0x1, 0xff, 0xfc, 0x3f, 0xfe, 0x0,
    0x0, 0xf, 0xff, 0xc3, 0xff, 0xd0, 0x0, 0x0,
    0x7f, 0xfc, 0x7f, 0xfc, 0x0, 0x0, 0x3, 0xff,
    0xc7, 0xff, 0xc0, 0x0, 0x0, 0x3f, 0xfc, 0x7f,
    0xfc, 0x0, 0x0, 0x3, 0xff, 0xc7, 0xff, 0xc0,
    0x0, 0x0, 0x3f, 0xfc, 0x7f, 0xfc, 0x0, 0x0,
    0x3, 0xff, 0xc3, 0xff, 0xd0, 0x0, 0x0, 0x7f,
    0xfc, 0x3f, 0xfe, 0x0, 0x0, 0xf, 0xff, 0xc2,
    0xff, 0xf4, 0x0, 0x2, 0xff, 0xfc, 0x1f, 0xff,
    0xd0, 0x0, 0xbf, 0xff, 0xc0, 0xff, 0xff, 0xd5,
    0xbf, 0xff, 0xfc, 0x3, 0xff, 0xff, 0xff, 0xff,
    0xff, 0xc0, 0x1f, 0xff, 0xff, 0xff, 0xff, 0xfc,
    0x0, 0x7f, 0xff, 0xff, 0xf3, 0xff, 0xc0, 0x0,
    0xff, 0xff, 0xf8, 0x3f, 0xfc, 0x0, 0x1, 0xbf,
    0xf8, 0x0, 0x0, 0x0,

    /* U+0065 "e" */
    0x0, 0x0, 0x1b, 0xfa, 0x40, 0x0, 0x0, 0x1,
    0xff, 0xff, 0xfe, 0x0, 0x0, 0x2, 0xff, 0xff,
    0xff, 0xf4, 0x0, 0x3, 0xff, 0xff, 0xff, 0xff,
    0x40, 0x2, 0xff, 0xff, 0xff, 0xff, 0xf0, 0x1,
    0xff, 0xfd, 0x1, 0xbf, 0xfe, 0x0, 0xff, 0xf8,
    0x0, 0x7, 0xff, 0xc0, 0x7f, 0xfc, 0x0, 0x0,
    0xbf, 0xf8, 0x3f, 0xfd, 0x0, 0x0, 0xf, 0xff,
    0xf, 0xff, 0x0, 0x0, 0x3, 0xff, 0xc7, 0xff,
    0xd5, 0x55, 0x55, 0xff, 0xf1, 0xff, 0xff, 0xff,
    0xff, 0xff, 0xfc, 0x7f, 0xff, 0xff, 0xff, 0xff,
    0xff, 0x5f, 0xff, 0xff, 0xff, 0xff, 0xff, 0xd7,
    0xff, 0xff, 0xff, 0xff, 0xff, 0xf1, 0xff, 0xe0,
    0x0, 0x0, 0x0, 0x0, 0x3f, 0xfc, 0x0, 0x0,
    0x0, 0x0, 0xf, 0xff, 0x40, 0x0, 0x0, 0x0,
    0x2, 0xff, 0xf0, 0x0, 0x0, 0x1e, 0x0, 0x3f,
    0xff, 0x0, 0x0, 0x2f, 0xe0, 0xb, 0xff, 0xf9,
    0x45, 0xbf, 0xfe, 0x0, 0xff, 0xff, 0xff, 0xff,
    0xff, 0xc0, 0xf, 0xff, 0xff, 0xff, 0xff, 0xc0,
    0x0, 0xff, 0xff, 0xff, 0xff, 0x80, 0x0, 0x7,
    0xff, 0xff, 0xfe, 0x0, 0x0, 0x0, 0x1a, 0xff,
    0xe4, 0x0, 0x0,

    /* U+0066 "f" */
    0x0, 0x0, 0x0, 0x0, 0x0, 0x0, 0x0, 0xbf,
    0xfe, 0x40, 0x0, 0x1f, 0xff, 0xff, 0x0, 0x1,
    0xff, 0xff, 0xfc, 0x0, 0xf, 0xff, 0xff, 0xe0,
    0x0, 0x7f, 0xff, 0xff, 0x40, 0x2, 0xff, 0xf4,
    0x4, 0x0, 0xf, 0xff, 0x80, 0x0, 0x0, 0x3f,
    0xfd, 0x0, 0x0, 0x0, 0xff, 0xf4, 0x0, 0x0,
    0x3, 0xff, 0xd0, 0x0, 0xf, 0xff, 0xff, 0xff,
    0xf0, 0x3f, 0xff, 0xff, 0xff, 0xc0, 0xff, 0xff,
    0xff, 0xff, 0x3, 0xff, 0xff, 0xff, 0xfc, 0xa,
    0xaf, 0xff, 0xea, 0xa0, 0x0, 0x3f, 0xfd, 0x0,
    0x0, 0x0, 0xff, 0xf4, 0x0, 0x0, 0x3, 0xff,
    0xd0, 0x0, 0x0, 0xf, 0xff, 0x40, 0x0, 0x0,
    0x3f, 0xfd, 0x0, 0x0, 0x0, 0xff, 0xf4, 0x0,
    0x0, 0x3, 0xff, 0xd0, 0x0, 0x0, 0xf, 0xff,
    0x40, 0x0, 0x0, 0x3f, 0xfd, 0x0, 0x0, 0x0,
    0xff, 0xf4, 0x0, 0x0, 0x3, 0xff, 0xd0, 0x0,
    0x0, 0xf, 0xff, 0x40, 0x0, 0x0, 0x3f, 0xfd,
    0x0, 0x0, 0x0, 0xff, 0xf4, 0x0, 0x0, 0x3,
    0xff, 0xd0, 0x0, 0x0, 0xf, 0xff, 0x40, 0x0,
    0x0, 0x3f, 0xfd, 0x0, 0x0, 0x0, 0xff, 0xf4,
    0x0, 0x0, 0x3, 0xff, 0xd0, 0x0, 0x0,

    /* U+0067 "g" */
    0x0, 0x1, 0xbf, 0xf8, 0x0, 0x0, 0x0, 0x3,
    0xff, 0xff, 0xe0, 0xff, 0xe0, 0x7, 0xff, 0xff,
    0xff, 0x7f, 0xf8, 0x7, 0xff, 0xff, 0xff, 0xff,
    0xfe, 0x3, 0xff, 0xff, 0xff, 0xff, 0xff, 0x83,
    0xff, 0xfe, 0x56, 0xff, 0xff, 0xe1, 0xff, 0xfd,
    0x0, 0xb, 0xff, 0xf8, 0xbf, 0xfd, 0x0, 0x0,
    0xff, 0xfe, 0x3f, 0xfe, 0x0, 0x0, 0xf, 0xff,
    0x8f, 0xff, 0x40, 0x0, 0x3, 0xff, 0xe7, 0xff,
    0xc0, 0x0, 0x0, 0xbf, 0xf9, 0xff, 0xf0, 0x0,
    0x0, 0x1f, 0xfe, 0x7f, 0xfc, 0x0, 0x0, 0x7,
    0xff, 0x9f, 0xff, 0x0, 0x0, 0x1, 0xff, 0xe7,
    0xff, 0xc0, 0x0, 0x0, 0xbf, 0xf8, 0xff, 0xf4,
    0x0, 0x0, 0x3f, 0xfe, 0x3f, 0xfe, 0x0, 0x0,
    0xf, 0xff, 0x8b, 0xff, 0xd0, 0x0, 0xf, 0xff,
    0xe1, 0xff, 0xfd, 0x0, 0xb, 0xff, 0xf8, 0x3f,
    0xff, 0xe4, 0x6f, 0xff, 0xfe, 0x3, 0xff, 0xff,
    0xff, 0xff, 0xff, 0x80, 0x7f, 0xff, 0xff, 0xff,
    0xff, 0xe0, 0x7, 0xff, 0xff, 0xff, 0xbf, 0xf8,
    0x0, 0x3f, 0xff, 0xfe, 0x2f, 0xfe, 0x0, 0x1,
    0xbf, 0xf8, 0xb, 0xff, 0x80, 0x0, 0x0, 0x0,
    0x2, 0xff, 0xd0, 0x0, 0x0, 0x0, 0x0, 0xff,
    0xf4, 0xb, 0x80, 0x0, 0x0, 0xbf, 0xfc, 0x7,
    0xfe, 0x0, 0x0, 0xbf, 0xfe, 0x3, 0xff, 0xff,
    0xab, 0xff, 0xff, 0x2, 0xff, 0xff, 0xff, 0xff,
    0xff, 0x40, 0x7f, 0xff, 0xff, 0xff, 0xff, 0x40,
    0x1, 0xff, 0xff, 0xff, 0xff, 0x40, 0x0, 0x2,
    0xff, 0xff, 0xfd, 0x0, 0x0, 0x0, 0x1, 0x55,
    0x50, 0x0, 0x0,

    /* U+0068 "h" */
    0x2a, 0xa8, 0x0, 0x0, 0x0, 0x1, 0xff, 0xf0,
    0x0, 0x0, 0x0, 0x7, 0xff, 0xc0, 0x0, 0x0,
    0x0, 0x1f, 0xff, 0x0, 0x0, 0x0, 0x0, 0x7f,
    0xfc, 0x0, 0x0, 0x0, 0x1, 0xff, 0xf0, 0x0,
    0x0, 0x0, 0x7, 0xff, 0xc0, 0x0, 0x0, 0x0,
    0x1f, 0xff, 0x0, 0x0, 0x0, 0x0, 0x7f, 0xfc,
    0x0, 0x0, 0x0, 0x1, 0xff, 0xf0, 0x1b, 0xfe,
    0x40, 0x7, 0xff, 0xc7, 0xff, 0xff, 0xd0, 0x1f,
    0xff, 0xbf, 0xff, 0xff, 0xe0, 0x7f, 0xff, 0xff,
    0xff, 0xff, 0xd1, 0xff, 0xff, 0xff, 0xff, 0xff,
    0xc7, 0xff, 0xff, 0x56, 0xff, 0xff, 0x5f, 0xff,
    0xe0, 0x0, 0xff, 0xfe, 0x7f, 0xff, 0x0, 0x0,
    0xff, 0xf9, 0xff, 0xf4, 0x0, 0x2, 0xff, 0xe7,
    0xff, 0xc0, 0x0, 0xb, 0xff, 0x9f, 0xff, 0x0,
    0x0, 0x2f, 0xfe, 0x7f, 0xfc, 0x0, 0x0, 0xbf,
    0xf9, 0xff, 0xf0, 0x0, 0x2, 0xff, 0xe7, 0xff,
    0xc0, 0x0, 0xb, 0xff, 0x9f, 0xff, 0x0, 0x0,
    0x2f, 0xfe, 0x7f, 0xfc, 0x0, 0x0, 0xbf, 0xf9,
    0xff, 0xf0, 0x0, 0x2, 0xff, 0xe7, 0xff, 0xc0,
    0x0, 0xb, 0xff, 0x9f, 0xff, 0x0, 0x0, 0x2f,
    0xfe, 0x7f, 0xfc, 0x0, 0x0, 0xbf, 0xf9, 0xff,
    0xf0, 0x0, 0x2, 0xff, 0xe7, 0xff, 0xc0, 0x0,
    0xb, 0xff, 0x9f, 0xff, 0x0, 0x0, 0x2f, 0xfe,
    0x7f, 0xfc, 0x0, 0x0, 0xbf, 0xf9, 0xff, 0xf0,
    0x0, 0x2, 0xff, 0xe0,

    /* U+0069 "i" */
    0x3f, 0xfd, 0xff, 0xf7, 0xff, 0xdf, 0xff, 0x7f,
    0xfd, 0xff, 0xf0, 0x0, 0x0, 0x0, 0x0, 0x0,
    0x0, 0x7, 0xff, 0xdf, 0xff, 0x7f, 0xfd, 0xff,
    0xf7, 0xff, 0xdf, 0xff, 0x7f, 0xfd, 0xff, 0xf7,
    0xff, 0xdf, 0xff, 0x7f, 0xfd, 0xff, 0xf7, 0xff,
    0xdf, 0xff, 0x7f, 0xfd, 0xff, 0xf7, 0xff, 0xdf,
    0xff, 0x7f, 0xfd, 0xff, 0xf7, 0xff, 0xdf, 0xff,
    0x7f, 0xfd, 0xff, 0xf0,

    /* U+006A "j" */
    0x0, 0x3, 0xff, 0xc0, 0x0, 0x3f, 0xfc, 0x0,
    0x3, 0xff, 0xc0, 0x0, 0x3f, 0xfc, 0x0, 0x3,
    0xff, 0xc0, 0x0, 0x3f, 0xfc, 0x0, 0x0, 0x0,
    0x0, 0x0, 0x0, 0x0, 0x0, 0x0, 0x0, 0x0,
    0x0, 0x2a, 0xa8, 0x0, 0x3, 0xff, 0xc0, 0x0,
    0x3f, 0xfc, 0x0, 0x3, 0xff, 0xc0, 0x0, 0x3f,
    0xfc, 0x0, 0x3, 0xff, 0xc0, 0x0, 0x3f, 0xfc,
    0x0, 0x3, 0xff, 0xc0, 0x0, 0x3f, 0xfc, 0x0,
    0x3, 0xff, 0xc0, 0x0, 0x3f, 0xfc, 0x0, 0x3,
    0xff, 0xc0, 0x0, 0x3f, 0xfc, 0x0, 0x3, 0xff,
    0xc0, 0x0, 0x3f, 0xfc, 0x0, 0x3, 0xff, 0xc0,
    0x0, 0x3f, 0xfc, 0x0, 0x3, 0xff, 0xc0, 0x0,
    0x3f, 0xfc, 0x0, 0x3, 0xff, 0xc0, 0x0, 0x3f,
    0xfc, 0x0, 0x3, 0xff, 0xc0, 0x0, 0x3f, 0xfc,
    0x0, 0x3, 0xff, 0xc0, 0x0, 0x3f, 0xfc, 0x0,
    0x3, 0xff, 0xc0, 0x0, 0x3f, 0xfc, 0x0, 0xb,
    0xff, 0xc1, 0xaa, 0xff, 0xfc, 0x2f, 0xff, 0xff,
    0x43, 0xff, 0xff, 0xf0, 0x3f, 0xff, 0xfd, 0x7,
    0xff, 0xfe, 0x0, 0x1, 0x55, 0x0, 0x0,

    /* U+006B "k" */
    0x2a, 0xa8, 0x0, 0x0, 0x0, 0x0, 0x1f, 0xff,
    0x0, 0x0, 0x0, 0x0, 0x7, 0xff, 0xc0, 0x0,
    0x0, 0x0, 0x1, 0xff, 0xf0, 0x0, 0x0, 0x0,
    0x0, 0x7f, 0xfc, 0x0, 0x0, 0x0, 0x0, 0x1f,
    0xff, 0x0, 0x0, 0x0, 0x0, 0x7, 0xff, 0xc0,
    0x0, 0x0, 0x0, 0x1, 0xff, 0xf0, 0x0, 0x0,
    0x0, 0x0, 0x7f, 0xfc, 0x0, 0x0, 0x0, 0x0,
    0x1f, 0xff, 0x0, 0x0, 0x0, 0x0, 0x7, 0xff,
    0xc0, 0x0, 0x1f, 0xff, 0xc1, 0xff, 0xf0, 0x0,
    0x1f, 0xff, 0xc0, 0x7f, 0xfc, 0x0, 0xf, 0xff,
    0xd0, 0x1f, 0xff, 0x0, 0xf, 0xff, 0xd0, 0x7,
    0xff, 0xc0, 0xf, 0xff, 0xd0, 0x1, 0xff, 0xf0,
    0xf, 0xff, 0xd0, 0x0, 0x7f, 0xfc, 0xf, 0xff,
    0xd0, 0x0, 0x1f, 0xff, 0xf, 0xff, 0xd0, 0x0,
    0x7, 0xff, 0xcf, 0xff, 0xd0, 0x0, 0x1, 0xff,
    0xff, 0xff, 0xf0, 0x0, 0x0, 0x7f, 0xff, 0xff,
    0xff, 0x0, 0x0, 0x1f, 0xff, 0xff, 0xff, 0xd0,
    0x0, 0x7, 0xff, 0xff, 0xff, 0xfc, 0x0, 0x1,
    0xff, 0xff, 0xdf, 0xff, 0x80, 0x0, 0x7f, 0xff,
    0xc2, 0xff, 0xf4, 0x0, 0x1f, 0xff, 0xc0, 0x3f,
    0xff, 0x0, 0x7, 0xff, 0xc0, 0x7, 0xff, 0xe0,
    0x1, 0xff, 0xf0, 0x0, 0xbf, 0xfc, 0x0, 0x7f,
    0xfc, 0x0, 0xf, 0xff, 0xc0, 0x1f, 0xff, 0x0,
    0x1, 0xff, 0xf8, 0x7, 0xff, 0xc0, 0x0, 0x3f,
    0xff, 0x1, 0xff, 0xf0, 0x0, 0x3, 0xff, 0xf0,
    0x7f, 0xfc, 0x0, 0x0, 0xbf, 0xfd, 0x1f, 0xff,
    0x0, 0x0, 0xf, 0xff, 0xc0,

    /* U+006C "l" */
    0x2a, 0xa8, 0x3f, 0xfc, 0x3f, 0xfc, 0x3f, 0xfc,
    0x3f, 0xfc, 0x3f, 0xfc, 0x3f, 0xfc, 0x3f, 0xfc,
    0x3f, 0xfc, 0x3f, 0xfc, 0x3f, 0xfc, 0x3f, 0xfc,
    0x3f, 0xfc, 0x3f, 0xfc, 0x3f, 0xfc, 0x3f, 0xfc,
    0x3f, 0xfc, 0x3f, 0xfc, 0x3f, 0xfc, 0x3f, 0xfc,
    0x3f, 0xfc, 0x3f, 0xfc, 0x3f, 0xfc, 0x3f, 0xfc,
    0x3f, 0xfc, 0x3f, 0xfc, 0x3f, 0xfc, 0x3f, 0xfc,
    0x3f, 0xfc, 0x3f, 0xfc, 0x3f, 0xfc, 0x3f, 0xfc,
    0x3f, 0xfc, 0x3f, 0xfc,

    /* U+006D "m" */
    0x0, 0x0, 0xb, 0xff, 0x40, 0x0, 0x7f, 0xf9,
    0x0, 0x7f, 0xf8, 0xbf, 0xff, 0xf4, 0x7, 0xff,
    0xff, 0xc0, 0x7f, 0xfa, 0xff, 0xff, 0xfe, 0x2f,
    0xff, 0xff, 0xf0, 0x7f, 0xff, 0xff, 0xff, 0xff,
    0xff, 0xff, 0xff, 0xf8, 0x7f, 0xff, 0xff, 0xff,
    0xff, 0xff, 0xff, 0xff, 0xfc, 0x7f, 0xff, 0xe5,
    0x7f, 0xff, 0xff, 0x56, 0xff, 0xfe, 0x7f, 0xff,
    0x40, 0xf, 0xff, 0xf8, 0x0, 0x7f, 0xfe, 0x7f,
    0xfe, 0x0, 0x3, 0xff, 0xf0, 0x0, 0x3f, 0xff,
    0x7f, 0xfc, 0x0, 0x3, 0xff, 0xe0, 0x0, 0x2f,
    0xff, 0x7f, 0xfc, 0x0, 0x3, 0xff, 0xd0, 0x0,
    0x1f, 0xff, 0x7f, 0xfc, 0x0, 0x3, 0xff, 0xd0,
    0x0, 0x1f, 0xff, 0x7f, 0xfc, 0x0, 0x3, 0xff,
    0xd0, 0x0, 0x1f, 0xff, 0x7f, 0xfc, 0x0, 0x3,
    0xff, 0xd0, 0x0, 0x1f, 0xff, 0x7f, 0xfc, 0x0,
    0x3, 0xff, 0xd0, 0x0, 0x1f, 0xff, 0x7f, 0xfc,
    0x0, 0x3, 0xff, 0xd0, 0x0, 0x1f, 0xff, 0x7f,
    0xfc, 0x0, 0x3, 0xff, 0xd0, 0x0, 0x1f, 0xff,
    0x7f, 0xfc, 0x0, 0x3, 0xff, 0xd0, 0x0, 0x1f,
    0xff, 0x7f, 0xfc, 0x0, 0x3, 0xff, 0xd0, 0x0,
    0x1f, 0xff, 0x7f, 0xfc, 0x0, 0x3, 0xff, 0xd0,
    0x0, 0x1f, 0xff, 0x7f, 0xfc, 0x0, 0x3, 0xff,
    0xd0, 0x0, 0x1f, 0xff, 0x7f, 0xfc, 0x0, 0x3,
    0xff, 0xd0, 0x0, 0x1f, 0xff, 0x7f, 0xfc, 0x0,
    0x3, 0xff, 0xd0, 0x0, 0x1f, 0xff, 0x7f, 0xfc,
    0x0, 0x3, 0xff, 0xd0, 0x0, 0x1f, 0xff, 0x7f,
    0xfc, 0x0, 0x3, 0xff, 0xd0, 0x0, 0x1f, 0xff,
    0x7f, 0xfc, 0x0, 0x3, 0xff, 0xd0, 0x0, 0x1f,
    0xff,

    /* U+006E "n" */
    0x0, 0x0, 0x6, 0xff, 0x90, 0x1, 0xff, 0xe1,
    0xff, 0xff, 0xf4, 0x7, 0xff, 0xaf, 0xff, 0xff,
    0xf8, 0x1f, 0xff, 0xff, 0xff, 0xff, 0xf4, 0x7f,
    0xff, 0xff, 0xff, 0xff, 0xf1, 0xff, 0xff, 0xd5,
    0xbf, 0xff, 0xd7, 0xff, 0xf8, 0x0, 0x3f, 0xff,
    0x9f, 0xff, 0xc0, 0x0, 0x3f, 0xfe, 0x7f, 0xfd,
    0x0, 0x0, 0xbf, 0xf9, 0xff, 0xf0, 0x0, 0x2,
    0xff, 0xe7, 0xff, 0xc0, 0x0, 0xb, 0xff, 0x9f,
    0xff, 0x0, 0x0, 0x2f, 0xfe, 0x7f, 0xfc, 0x0,
    0x0, 0xbf, 0xf9, 0xff, 0xf0, 0x0, 0x2, 0xff,
    0xe7, 0xff, 0xc0, 0x0, 0xb, 0xff, 0x9f, 0xff,
    0x0, 0x0, 0x2f, 0xfe, 0x7f, 0xfc, 0x0, 0x0,
    0xbf, 0xf9, 0xff, 0xf0, 0x0, 0x2, 0xff, 0xe7,
    0xff, 0xc0, 0x0, 0xb, 0xff, 0x9f, 0xff, 0x0,
    0x0, 0x2f, 0xfe, 0x7f, 0xfc, 0x0, 0x0, 0xbf,
    0xf9, 0xff, 0xf0, 0x0, 0x2, 0xff, 0xe7, 0xff,
    0xc0, 0x0, 0xb, 0xff, 0x9f, 0xff, 0x0, 0x0,
    0x2f, 0xfe, 0x7f, 0xfc, 0x0, 0x0, 0xbf, 0xf8,

    /* U+006F "o" */
    0x0, 0x0, 0x2b, 0xff, 0x90, 0x0, 0x0, 0x0,
    0x7f, 0xff, 0xff, 0xe0, 0x0, 0x0, 0x2f, 0xff,
    0xff, 0xff, 0xc0, 0x0, 0xf, 0xff, 0xff, 0xff,
    0xff, 0x40, 0x2, 0xff, 0xff, 0xff, 0xff, 0xfc,
    0x0, 0x7f, 0xff, 0xd4, 0x6f, 0xff, 0xf0, 0xf,
    0xff, 0xd0, 0x0, 0x3f, 0xff, 0x41, 0xff, 0xf4,
    0x0, 0x0, 0xff, 0xfc, 0x3f, 0xff, 0x0, 0x0,
    0x7, 0xff, 0xd3, 0xff, 0xd0, 0x0, 0x0, 0x3f,
    0xfe, 0x7f, 0xfc, 0x0, 0x0, 0x2, 0xff, 0xf7,
    0xff, 0xc0, 0x0, 0x0, 0x1f, 0xff, 0x7f, 0xfc,
    0x0, 0x0, 0x1, 0xff, 0xf7, 0xff, 0xc0, 0x0,
    0x0, 0x1f, 0xff, 0x7f, 0xfc, 0x0, 0x0, 0x1,
    0xff, 0xf7, 0xff, 0xc0, 0x0, 0x0, 0x2f, 0xff,
    0x3f, 0xfd, 0x0, 0x0, 0x3, 0xff, 0xe3, 0xff,
    0xf0, 0x0, 0x0, 0x7f, 0xfd, 0x1f, 0xff, 0x40,
    0x0, 0xf, 0xff, 0xc0, 0xff, 0xfd, 0x0, 0x3,
    0xff, 0xf4, 0x7, 0xff, 0xfd, 0x46, 0xff, 0xff,
    0x0, 0x2f, 0xff, 0xff, 0xff, 0xff, 0xc0, 0x0,
    0xff, 0xff, 0xff, 0xff, 0xf4, 0x0, 0x2, 0xff,
    0xff, 0xff, 0xfc, 0x0, 0x0, 0x7, 0xff, 0xff,
    0xfe, 0x0, 0x0, 0x0, 0x2, 0xbf, 0xf9, 0x0,
    0x0,

    /* U+0070 "p" */
    0x0, 0x0, 0x0, 0x4, 0x0, 0x0, 0x2, 0xaa,
    0x40, 0xbf, 0xff, 0x40, 0x0, 0x7f, 0xf8, 0x7f,
    0xff, 0xff, 0x40, 0x7, 0xff, 0xaf, 0xff, 0xff,
    0xfd, 0x0, 0x7f, 0xff, 0xff, 0xff, 0xff, 0xf4,
    0x7, 0xff, 0xff, 0xff, 0xff, 0xff, 0xc0, 0x7f,
    0xff, 0xf8, 0x2, 0xff, 0xfe, 0x7, 0xff, 0xfc,
    0x0, 0x7, 0xff, 0xf0, 0x7f, 0xff, 0x0, 0x0,
    0x1f, 0xff, 0x87, 0xff, 0xe0, 0x0, 0x0, 0xff,
    0xfc, 0x7f, 0xfc, 0x0, 0x0, 0xb, 0xff, 0xc7,
    0xff, 0xc0, 0x0, 0x0, 0x7f, 0xfc, 0x7f, 0xfc,
    0x0, 0x0, 0x3, 0xff, 0xc7, 0xff, 0xc0, 0x0,
    0x0, 0x3f, 0xfc, 0x7f, 0xfc, 0x0, 0x0, 0x3,
    0xff, 0xc7, 0xff, 0xc0, 0x0, 0x0, 0x7f, 0xfc,
    0x7f, 0xfc, 0x0, 0x0, 0xb, 0xff, 0xc7, 0xff,
    0xe0, 0x0, 0x0, 0xff, 0xf8, 0x7f, 0xff, 0x40,
    0x0, 0x2f, 0xff, 0x47, 0xff, 0xfd, 0x0, 0xb,
    0xff, 0xf0, 0x7f, 0xff, 0xfe, 0x5b, 0xff, 0xfe,
    0x7, 0xff, 0xff, 0xff, 0xff, 0xff, 0xc0, 0x7f,
    0xff, 0xff, 0xff, 0xff, 0xf0, 0x7, 0xff, 0xdf,
    0xff, 0xff, 0xfc, 0x0, 0x7f, 0xfc, 0x7f, 0xff,
    0xfe, 0x0, 0x7, 0xff, 0xc0, 0x6f, 0xfe, 0x0,
    0x0, 0x7f, 0xfc, 0x0, 0x0, 0x0, 0x0, 0x7,
    0xff, 0xc0, 0x0, 0x0, 0x0, 0x0, 0x7f, 0xfc,
    0x0, 0x0, 0x0, 0x0, 0x7, 0xff, 0xc0, 0x0,
    0x0, 0x0, 0x0, 0x7f, 0xfc, 0x0, 0x0, 0x0,
    0x0, 0x7, 0xff, 0xc0, 0x0, 0x0, 0x0, 0x0,
    0x7f, 0xfc, 0x0, 0x0, 0x0, 0x0, 0x7, 0xff,
    0xc0, 0x0, 0x0, 0x0, 0x0,

    /* U+0071 "q" */
    0x0, 0x0, 0x5, 0x40, 0x0, 0x0, 0x0, 0x0,
    0x2f, 0xff, 0xe0, 0x2a, 0xa8, 0x0, 0x2f, 0xff,
    0xff, 0xd3, 0xff, 0xc0, 0xb, 0xff, 0xff, 0xff,
    0x7f, 0xfc, 0x2, 0xff, 0xff, 0xff, 0xff, 0xff,
    0xc0, 0x7f, 0xff, 0xff, 0xff, 0xff, 0xfc, 0xf,
    0xff, 0xf8, 0x2, 0xff, 0xff, 0xc1, 0xff, 0xfc,
    0x0, 0x7, 0xff, 0xfc, 0x3f, 0xff, 0x0, 0x0,
    0x1f, 0xff, 0xc3, 0xff, 0xe0, 0x0, 0x0, 0xff,
    0xfc, 0x3f, 0xfd, 0x0, 0x0, 0x7, 0xff, 0xc7,
    0xff, 0xc0, 0x0, 0x0, 0x3f, 0xfc, 0x7f, 0xfc,
    0x0, 0x0, 0x3, 0xff, 0xc7, 0xff, 0xc0, 0x0,
    0x0, 0x3f, 0xfc, 0x7f, 0xfc, 0x0, 0x0, 0x3,
    0xff, 0xc7, 0xff, 0xc0, 0x0, 0x0, 0x3f, 0xfc,
    0x3f, 0xfd, 0x0, 0x0, 0x7, 0xff, 0xc3, 0xff,
    0xe0, 0x0, 0x0, 0xff, 0xfc, 0x2f, 0xff, 0x40,
    0x0, 0x2f, 0xff, 0xc1, 0xff, 0xfd, 0x0, 0xb,
    0xff, 0xfc, 0xf, 0xff, 0xfd, 0x5b, 0xff, 0xff,
    0xc0, 0x3f, 0xff, 0xff, 0xff, 0xff, 0xfc, 0x1,
    0xff, 0xff, 0xff, 0xff, 0xff, 0xc0, 0x7, 0xff,
    0xff, 0xff, 0x7f, 0xfc, 0x0, 0xf, 0xff, 0xff,
    0x83, 0xff, 0xc0, 0x0, 0x1b, 0xff, 0x80, 0x3f,
    0xfc, 0x0, 0x0, 0x0, 0x0, 0x3, 0xff, 0xc0,
    0x0, 0x0, 0x0, 0x0, 0x3f, 0xfc, 0x0, 0x0,
    0x0, 0x0, 0x3, 0xff, 0xc0, 0x0, 0x0, 0x0,
    0x0, 0x3f, 0xfc, 0x0, 0x0, 0x0, 0x0, 0x3,
    0xff, 0xc0, 0x0, 0x0, 0x0, 0x0, 0x3f, 0xfc,
    0x0, 0x0, 0x0, 0x0, 0x3, 0xff, 0xc0, 0x0,
    0x0, 0x0, 0x0, 0x3f, 0xfc,

    /* U+0072 "r" */
    0x0, 0x0, 0x5, 0xa4, 0x1f, 0xfe, 0xf, 0xff,
    0xd7, 0xff, 0x9f, 0xff, 0xf5, 0xff, 0xef, 0xff,
    0xfc, 0x7f, 0xff, 0xff, 0xff, 0x1f, 0xff, 0xff,
    0xff, 0x87, 0xff, 0xff, 0x40, 0x41, 0xff, 0xfe,
    0x0, 0x0, 0x7f, 0xff, 0x0, 0x0, 0x1f, 0xff,
    0x80, 0x0, 0x7, 0xff, 0xc0, 0x0, 0x1, 0xff,
    0xf0, 0x0, 0x0, 0x7f, 0xfc, 0x0, 0x0, 0x1f,
    0xff, 0x0, 0x0, 0x7, 0xff, 0xc0, 0x0, 0x1,
    0xff, 0xf0, 0x0, 0x0, 0x7f, 0xfc, 0x0, 0x0,
    0x1f, 0xff, 0x0, 0x0, 0x7, 0xff, 0xc0, 0x0,
    0x1, 0xff, 0xf0, 0x0, 0x0, 0x7f, 0xfc, 0x0,
    0x0, 0x1f, 0xff, 0x0, 0x0, 0x7, 0xff, 0xc0,
    0x0, 0x1, 0xff, 0xf0, 0x0, 0x0, 0x7f, 0xfc,
    0x0, 0x0, 0x0,

    /* U+0073 "s" */
    0x0, 0x1, 0xbf, 0xfe, 0x40, 0x0, 0x0, 0x1f,
    0xff, 0xff, 0xfd, 0x0, 0x0, 0xbf, 0xff, 0xff,
    0xff, 0x80, 0x2, 0xff, 0xff, 0xff, 0xff, 0xf4,
    0x7, 0xff, 0xff, 0xff, 0xff, 0xf0, 0xb, 0xff,
    0xd0, 0x6, 0xff, 0xd0, 0xf, 0xff, 0x0, 0x0,
    0x2f, 0x40, 0xf, 0xff, 0x0, 0x0, 0x6, 0x0,
    0xf, 0xff, 0x40, 0x0, 0x0, 0x0, 0xf, 0xff,
    0xf9, 0x0, 0x0, 0x0, 0xb, 0xff, 0xff, 0xf9,
    0x0, 0x0, 0x3, 0xff, 0xff, 0xff, 0xe4, 0x0,
    0x1, 0xff, 0xff, 0xff, 0xff, 0x40, 0x0, 0x2f,
    0xff, 0xff, 0xff, 0xd0, 0x0, 0x1, 0xbf, 0xff,
    0xff, 0xf0, 0x0, 0x0, 0x1, 0xbf, 0xff, 0xf8,
    0x0, 0x0, 0x0, 0x2, 0xff, 0xfc, 0x0, 0x40,
    0x0, 0x0, 0x7f, 0xfc, 0x2, 0xe0, 0x0, 0x0,
    0x3f, 0xfc, 0xb, 0xfd, 0x0, 0x0, 0x7f, 0xfc,
    0x1f, 0xff, 0xd0, 0x2, 0xff, 0xf8, 0x3f, 0xff,
    0xff, 0xff, 0xff, 0xf0, 0xf, 0xff, 0xff, 0xff,
    0xff, 0xe0, 0x2, 0xff, 0xff, 0xff, 0xff, 0x80,
    0x0, 0x2f, 0xff, 0xff, 0xfd, 0x0, 0x0, 0x1,
    0xbf, 0xfe, 0x80, 0x0,

    /* U+0074 "t" */
    0x0, 0x3f, 0xfd, 0x0, 0x0, 0x3, 0xff, 0xd0,
    0x0, 0x0, 0x3f, 0xfd, 0x0, 0x0, 0x3, 0xff,
    0xd0, 0x0, 0x0, 0x3f, 0xfd, 0x0, 0x0, 0x3,
    0xff, 0xd0, 0x0, 0x0, 0x3f, 0xfd, 0x0, 0x2,
    0xab, 0xff, 0xfa, 0xa8, 0x3f, 0xff, 0xff, 0xff,
    0xd3, 0xff, 0xff, 0xff, 0xfd, 0x3f, 0xff, 0xff,
    0xff, 0xd3, 0xff, 0xff, 0xff, 0xfd, 0x0, 0x3f,
    0xfd, 0x0, 0x0, 0x3, 0xff, 0xd0, 0x0, 0x0,
    0x3f, 0xfd, 0x0, 0x0, 0x3, 0xff, 0xd0, 0x0,
    0x0, 0x3f, 0xfd, 0x0, 0x0, 0x3, 0xff, 0xd0,
    0x0, 0x0, 0x3f, 0xfd, 0x0, 0x0, 0x3, 0xff,
    0xd0, 0x0, 0x0, 0x3f, 0xfd, 0x0, 0x0, 0x3,
    0xff, 0xd0, 0x0, 0x0, 0x3f, 0xfd, 0x0, 0x0,
    0x3, 0xff, 0xd0, 0x0, 0x0, 0x3f, 0xfd, 0x0,
    0x0, 0x3, 0xff, 0xe0, 0x0, 0x0, 0x2f, 0xff,
    0x95, 0x80, 0x2, 0xff, 0xff, 0xfc, 0x0, 0x1f,
    0xff, 0xff, 0xd0, 0x0, 0xff, 0xff, 0xfd, 0x0,
    0x3, 0xff, 0xff, 0xe0, 0x0, 0x6, 0xff, 0xe4,

    /* U+0075 "u" */
    0x0, 0x0, 0x0, 0x0, 0x0, 0x1, 0xff, 0xf0,
    0x0, 0x3, 0xff, 0xd7, 0xff, 0xc0, 0x0, 0xf,
    0xff, 0x5f, 0xff, 0x0, 0x0, 0x3f, 0xfd, 0x7f,
    0xfc, 0x0, 0x0, 0xff, 0xf5, 0xff, 0xf0, 0x0,
    0x3, 0xff, 0xd7, 0xff, 0xc0, 0x0, 0xf, 0xff,
    0x5f, 0xff, 0x0, 0x0, 0x3f, 0xfd, 0x7f, 0xfc,
    0x0, 0x0, 0xff, 0xf5, 0xff, 0xf0, 0x0, 0x3,
    0xff, 0xd7, 0xff, 0xc0, 0x0, 0xf, 0xff, 0x5f,
    0xff, 0x0, 0x0, 0x3f, 0xfd, 0x7f, 0xfc, 0x0,
    0x0, 0xff, 0xf5, 0xff, 0xf0, 0x0, 0x3, 0xff,
    0xd7, 0xff, 0xc0, 0x0, 0xf, 0xff, 0x5f, 0xff,
    0x0, 0x0, 0x3f, 0xfd, 0x7f, 0xfc, 0x0, 0x0,
    0xff, 0xf5, 0xff, 0xf0, 0x0, 0x3, 0xff, 0xd3,
    0xff, 0xd0, 0x0, 0x2f, 0xff, 0x4f, 0xff, 0xc0,
    0x1, 0xff, 0xfd, 0x3f, 0xff, 0xe5, 0xbf, 0xff,
    0xf4, 0xbf, 0xff, 0xff, 0xff, 0xff, 0xd0, 0xff,
    0xff, 0xff, 0xff, 0xff, 0x41, 0xff, 0xff, 0xff,
    0xdf, 0xfd, 0x1, 0xff, 0xff, 0xf8, 0x7f, 0xf4,
    0x0, 0x6f, 0xfe, 0x0, 0x0, 0x0,

    /* U+0076 "v" */
    0x7f, 0xfc, 0x0, 0x0, 0xf, 0xff, 0x4f, 0xff,
    0x40, 0x0, 0x7, 0xff, 0xc2, 0xff, 0xe0, 0x0,
    0x2, 0xff, 0xf0, 0x7f, 0xfc, 0x0, 0x0, 0xff,
    0xf4, 0xf, 0xff, 0x40, 0x0, 0x7f, 0xfc, 0x2,
    0xff, 0xe0, 0x0, 0x2f, 0xfe, 0x0, 0x7f, 0xfc,
    0x0, 0xf, 0xff, 0x40, 0xf, 0xff, 0x40, 0x3,
    0xff, 0xc0, 0x2, 0xff, 0xe0, 0x2, 0xff, 0xe0,
    0x0, 0x7f, 0xfc, 0x0, 0xff, 0xf4, 0x0, 0xf,
    0xff, 0x0, 0x3f, 0xfc, 0x0, 0x2, 0xff, 0xe0,
    0x1f, 0xfe, 0x0, 0x0, 0x7f, 0xfc, 0xb, 0xff,
    0x40, 0x0, 0xf, 0xff, 0x3, 0xff, 0xc0, 0x0,
    0x2, 0xff, 0xd1, 0xff, 0xe0, 0x0, 0x0, 0x7f,
    0xf8, 0xbf, 0xf0, 0x0, 0x0, 0xf, 0xff, 0x3f,
    0xfc, 0x0, 0x0, 0x2, 0xff, 0xdf, 0xfe, 0x0,
    0x0, 0x0, 0x3f, 0xff, 0xff, 0x0, 0x0, 0x0,
    0xf, 0xff, 0xff, 0xc0, 0x0, 0x0, 0x2, 0xff,
    0xff, 0xd0, 0x0, 0x0, 0x0, 0x3f, 0xff, 0xf0,
    0x0, 0x0, 0x0, 0xf, 0xff, 0xfc, 0x0, 0x0,
    0x0, 0x1, 0xff, 0xfd, 0x0, 0x0,

    /* U+0077 "w" */
    0x3f, 0xfd, 0x0, 0x0, 0xff, 0xf0, 0x0, 0x3,
    0xff, 0xc3, 0xff, 0xe0, 0x0, 0xf, 0xff, 0x40,
    0x0, 0x7f, 0xfc, 0x2f, 0xff, 0x0, 0x1, 0xff,
    0xf8, 0x0, 0xb, 0xff, 0x81, 0xff, 0xf0, 0x0,
    0x3f, 0xff, 0xc0, 0x0, 0xff, 0xf4, 0xf, 0xff,
    0x40, 0x3, 0xff, 0xfc, 0x0, 0xf, 0xff, 0x0,
    0xff, 0xf8, 0x0, 0x7f, 0xff, 0xd0, 0x1, 0xff,
    0xf0, 0x7, 0xff, 0xc0, 0xb, 0xff, 0xfe, 0x0,
    0x2f, 0xfd, 0x0, 0x3f, 0xfc, 0x0, 0xff, 0xff,
    0xf0, 0x3, 0xff, 0xc0, 0x3, 0xff, 0xd0, 0xf,
    0xfb, 0xff, 0x0, 0x3f, 0xfc, 0x0, 0x2f, 0xfe,
    0x1, 0xff, 0xaf, 0xf4, 0x7, 0xff, 0x80, 0x1,
    0xff, 0xf0, 0x2f, 0xf5, 0xff, 0x80, 0xbf, 0xf4,
    0x0, 0xf, 0xff, 0x3, 0xff, 0xf, 0xfc, 0xf,
    0xff, 0x0, 0x0, 0xff, 0xf4, 0x3f, 0xf0, 0xff,
    0xc0, 0xff, 0xf0, 0x0, 0x7, 0xff, 0x87, 0xfe,
    0xb, 0xfd, 0x1f, 0xfe, 0x0, 0x0, 0x3f, 0xf8,
    0xbf, 0xd0, 0x7f, 0xe2, 0xff, 0xc0, 0x0, 0x3,
    0xff, 0xcf, 0xfc, 0x3, 0xff, 0x3f, 0xfc, 0x0,
    0x0, 0x2f, 0xfc, 0xff, 0xc0, 0x3f, 0xf3, 0xff,
    0x80, 0x0, 0x1, 0xff, 0xef, 0xf8, 0x2, 0xff,
    0xbf, 0xf4, 0x0, 0x0, 0xf, 0xff, 0xff, 0x40,
    0x1f, 0xff, 0xff, 0x0, 0x0, 0x0, 0xff, 0xff,
    0xf0, 0x0, 0xff, 0xff, 0xf0, 0x0, 0x0, 0xb,
    0xff, 0xff, 0x0, 0xf, 0xff, 0xfe, 0x0, 0x0,
    0x0, 0x3f, 0xff, 0xe0, 0x0, 0xbf, 0xff, 0xc0,
    0x0, 0x0, 0x3, 0xff, 0xfd, 0x0, 0x7, 0xff,
    0xfc, 0x0, 0x0, 0x0, 0x2f, 0xff, 0xc0, 0x0,
    0x3f, 0xff, 0x80, 0x0,

    /* U+0078 "x" */
    0x0, 0x0, 0x0, 0x0, 0x0, 0x0, 0x7, 0xff,
    0xd0, 0x0, 0xf, 0xff, 0x80, 0xbf, 0xfc, 0x0,
    0xf, 0xff, 0xc0, 0xf, 0xff, 0x80, 0x7, 0xff,
    0xc0, 0x1, 0xff, 0xf4, 0x3, 0xff, 0xd0, 0x0,
    0x2f, 0xff, 0x3, 0xff, 0xe0, 0x0, 0x3, 0xff,
    0xe1, 0xff, 0xf0, 0x0, 0x0, 0x7f, 0xfd, 0xff,
    0xf4, 0x0, 0x0, 0xb, 0xff, 0xff, 0xf8, 0x0,
    0x0, 0x0, 0xff, 0xff, 0xfc, 0x0, 0x0, 0x0,
    0xf, 0xff, 0xfc, 0x0, 0x0, 0x0, 0x1, 0xff,
    0xfe, 0x0, 0x0, 0x0, 0x0, 0x3f, 0xff, 0x40,
    0x0, 0x0, 0x0, 0x2f, 0xff, 0xf0, 0x0, 0x0,
    0x0, 0x1f, 0xff, 0xff, 0x0, 0x0, 0x0, 0xf,
    0xff, 0xff, 0xd0, 0x0, 0x0, 0xf, 0xff, 0xff,
    0xfc, 0x0, 0x0, 0xb, 0xff, 0xcf, 0xff, 0xc0,
    0x0, 0x3, 0xff, 0xd1, 0xff, 0xf4, 0x0, 0x3,
    0xff, 0xe0, 0x2f, 0xff, 0x0, 0x2, 0xff, 0xf0,
    0x3, 0xff, 0xf0, 0x1, 0xff, 0xf4, 0x0, 0x7f,
    0xfe, 0x0, 0xff, 0xf8, 0x0, 0xb, 0xff, 0xc0,
    0xbf, 0xfc, 0x0, 0x0, 0xff, 0xfc, 0x7f, 0xfd,
    0x0, 0x0, 0x1f, 0xff, 0x80,

    /* U+0079 "y" */
    0x7f, 0xfc, 0x0, 0x0, 0xf, 0xff, 0x4f, 0xff,
    0x80, 0x0, 0x7, 0xff, 0xc2, 0xff, 0xf0, 0x0,
    0x2, 0xff, 0xe0, 0x7f, 0xfc, 0x0, 0x0, 0xff,
    0xf4, 0xf, 0xff, 0x80, 0x0, 0x7f, 0xfc, 0x2,
    0xff, 0xf0, 0x0, 0x2f, 0xfe, 0x0, 0x3f, 0xfc,
    0x0, 0xf, 0xff, 0x40, 0xf, 0xff, 0x80, 0x7,
    0xff, 0xc0, 0x1, 0xff, 0xf0, 0x2, 0xff, 0xe0,
    0x0, 0x3f, 0xfc, 0x0, 0xff, 0xf0, 0x0, 0xb,
    0xff, 0x80, 0x3f, 0xfc, 0x0, 0x1, 0xff, 0xf0,
    0x2f, 0xfd, 0x0, 0x0, 0x3f, 0xfc, 0xf, 0xff,
    0x0, 0x0, 0xb, 0xff, 0x83, 0xff, 0xc0, 0x0,
    0x1, 0xff, 0xf1, 0xff, 0xd0, 0x0, 0x0, 0x3f,
    0xfc, 0xff, 0xf0, 0x0, 0x0, 0xb, 0xff, 0xbf,
    0xf8, 0x0, 0x0, 0x0, 0xff, 0xff, 0xfd, 0x0,
    0x0, 0x0, 0x3f, 0xff, 0xff, 0x0, 0x0, 0x0,
    0x7, 0xff, 0xff, 0x80, 0x0, 0x0, 0x0, 0xff,
    0xff, 0xd0, 0x0, 0x0, 0x0, 0x3f, 0xff, 0xf0,
    0x0, 0x0, 0x0, 0x7, 0xff, 0xf8, 0x0, 0x0,
    0x0, 0x0, 0xff, 0xfd, 0x0, 0x0, 0x0, 0x0,
    0x2f, 0xff, 0x0, 0x0, 0x0, 0x0, 0x7, 0xff,
    0x80, 0x0, 0x0, 0x0, 0x2, 0xff, 0xc0, 0x0,
    0x0, 0x0, 0x1, 0xff, 0xf0, 0x0, 0x0, 0x2,
    0x5b, 0xff, 0xf4, 0x0, 0x0, 0x1, 0xff, 0xff,
    0xfc, 0x0, 0x0, 0x0, 0xbf, 0xff, 0xfd, 0x0,
    0x0, 0x0, 0x3f, 0xff, 0xfd, 0x0, 0x0, 0x0,
    0xf, 0xff, 0xfc, 0x0, 0x0, 0x0, 0x0, 0x15,
    0x50, 0x0, 0x0, 0x0, 0x0,

    /* U+007A "z" */
    0x2f, 0xff, 0xff, 0xff, 0xff, 0xcb, 0xff, 0xff,
    0xff, 0xff, 0xf2, 0xff, 0xff, 0xff, 0xff, 0xfc,
    0xbf, 0xff, 0xff, 0xff, 0xff, 0x2f, 0xff, 0xff,
    0xff, 0xff, 0xc0, 0x0, 0x0, 0xf, 0xff, 0xd0,
    0x0, 0x0, 0xf, 0xff, 0xd0, 0x0, 0x0, 0xf,
    0xff, 0xd0, 0x0, 0x0, 0xb, 0xff, 0xe0, 0x0,
    0x0, 0xb, 0xff, 0xe0, 0x0, 0x0, 0xb, 0xff,
    0xf0, 0x0, 0x0, 0x7, 0xff, 0xf0, 0x0, 0x0,
    0x7, 0xff, 0xf0, 0x0, 0x0, 0x3, 0xff, 0xf0,
    0x0, 0x0, 0x3, 0xff, 0xf4, 0x0, 0x0, 0x3,
    0xff, 0xf4, 0x0, 0x0, 0x3, 0xff, 0xf8, 0x0,
    0x0, 0x2, 0xff, 0xf8, 0x0, 0x0, 0x2, 0xff,
    0xfc, 0x0, 0x0, 0x1, 0xff, 0xff, 0xff, 0xff,
    0xff, 0x7f, 0xff, 0xff, 0xff, 0xff, 0xdf, 0xff,
    0xff, 0xff, 0xff, 0xf7, 0xff, 0xff, 0xff, 0xff,
    0xfd, 0xff, 0xff, 0xff, 0xff, 0xff,

    /* U+007B "{" */
    0x0, 0x0, 0xbf, 0xf4, 0x0, 0x2f, 0xff, 0xd0,
    0x2, 0xff, 0xff, 0x40, 0xf, 0xff, 0xfd, 0x0,
    0x7f, 0xfe, 0x90, 0x2, 0xff, 0xd0, 0x0, 0xb,
    0xff, 0x0, 0x0, 0x3f, 0xfc, 0x0, 0x0, 0xff,
    0xf0, 0x0, 0x3, 0xff, 0xc0, 0x0, 0xf, 0xff,
    0x0, 0x0, 0x3f, 0xfc, 0x0, 0x0, 0xff, 0xf0,
    0x0, 0x3, 0xff, 0xc0, 0x0, 0xf, 0xff, 0x0,
    0x0, 0x3f, 0xfc, 0x0, 0x0, 0xff, 0xf0, 0x0,
    0x3, 0xff, 0xc0, 0x0, 0x2f, 0xfe, 0x0, 0x2f,
    0xff, 0xf0, 0x0, 0xbf, 0xff, 0x40, 0x2, 0xff,
    0xd0, 0x0, 0xb, 0xff, 0xf0, 0x0, 0x2f, 0xff,
    0xf0, 0x0, 0x7, 0xff, 0xe0, 0x0, 0x3, 0xff,
    0xc0, 0x0, 0xf, 0xff, 0x0, 0x0, 0x3f, 0xfc,
    0x0, 0x0, 0xff, 0xf0, 0x0, 0x3, 0xff, 0xc0,
    0x0, 0xf, 0xff, 0x0, 0x0, 0x3f, 0xfc, 0x0,
    0x0, 0xff, 0xf0, 0x0, 0x3, 0xff, 0xc0, 0x0,
    0xf, 0xff, 0x0, 0x0, 0x3f, 0xfc, 0x0, 0x0,
    0xff, 0xf0, 0x0, 0x2, 0xff, 0xc0, 0x0, 0xb,
    0xff, 0x40, 0x0, 0x1f, 0xff, 0xa4, 0x0, 0x3f,
    0xff, 0xf4, 0x0, 0xbf, 0xff, 0xd0, 0x0, 0xbf,
    0xff, 0x40, 0x0, 0x2f, 0xfd,

    /* U+007C "|" */
    0x2a, 0xa7, 0xff, 0x7f, 0xf7, 0xff, 0x7f, 0xf7,
    0xff, 0x7f, 0xf7, 0xff, 0x7f, 0xf7, 0xff, 0x7f,
    0xf7, 0xff, 0x7f, 0xf7, 0xff, 0x7f, 0xf7, 0xff,
    0x7f, 0xf7, 0xff, 0x7f, 0xf7, 0xff, 0x7f, 0xf7,
    0xff, 0x7f, 0xf7, 0xff, 0x7f, 0xf7, 0xff, 0x7f,
    0xf7, 0xff, 0x7f, 0xf7, 0xff, 0x7f, 0xf7, 0xff,
    0x7f, 0xf7, 0xff, 0x7f, 0xf7, 0xff, 0x7f, 0xf7,
    0xff, 0x7f, 0xf7, 0xff, 0x7f, 0xf7, 0xff, 0x7f,
    0xf7, 0xff, 0x7f, 0xf0,

    /* U+007D "}" */
    0xbf, 0xf8, 0x0, 0x2, 0xff, 0xfe, 0x0, 0xb,
    0xff, 0xfd, 0x0, 0x2f, 0xff, 0xfc, 0x0, 0x5b,
    0xff, 0xf4, 0x0, 0x2, 0xff, 0xd0, 0x0, 0x3,
    0xff, 0x80, 0x0, 0xf, 0xfe, 0x0, 0x0, 0x3f,
    0xf8, 0x0, 0x0, 0xff, 0xe0, 0x0, 0x3, 0xff,
    0x80, 0x0, 0xf, 0xfe, 0x0, 0x0, 0x3f, 0xf8,
    0x0, 0x0, 0xff, 0xe0, 0x0, 0x3, 0xff, 0x80,
    0x0, 0xf, 0xfe, 0x0, 0x0, 0x3f, 0xfc, 0x0,
    0x0, 0xff, 0xf0, 0x0, 0x3, 0xff, 0xe0, 0x0,
    0x7, 0xff, 0xfd, 0x0, 0x7, 0xff, 0xf8, 0x0,
    0x2, 0xff, 0xe0, 0x0, 0x3f, 0xff, 0x80, 0x3,
    0xff, 0xfe, 0x0, 0x2f, 0xff, 0x40, 0x0, 0xff,
    0xf0, 0x0, 0x3, 0xff, 0xc0, 0x0, 0xf, 0xfe,
    0x0, 0x0, 0x3f, 0xf8, 0x0, 0x0, 0xff, 0xe0,
    0x0, 0x3, 0xff, 0x80, 0x0, 0xf, 0xfe, 0x0,
    0x0, 0x3f, 0xf8, 0x0, 0x0, 0xff, 0xe0, 0x0,
    0x3, 0xff, 0x80, 0x0, 0xf, 0xfe, 0x0, 0x0,
    0x3f, 0xf8, 0x0, 0x0, 0xff, 0xe0, 0x0, 0xb,
    0xff, 0x40, 0x16, 0xbf, 0xfd, 0x0, 0xbf, 0xff,
    0xf0, 0x2, 0xff, 0xff, 0x40, 0xb, 0xff, 0xf4,
    0x0, 0x2f, 0xfe, 0x0, 0x0,

    /* U+007E "~" */
    0x0, 0x7f, 0xf9, 0x0, 0x1, 0xaa, 0x41, 0xff,
    0xff, 0xf9, 0x0, 0xff, 0xe1, 0xff, 0xff, 0xff,
    0xff, 0xff, 0xf4, 0xff, 0xff, 0xff, 0xff, 0xff,
    0xfc, 0x7f, 0xff, 0xff, 0xff, 0xff, 0xfd, 0x2f,
    0xfc, 0x1, 0xbf, 0xff, 0xfd, 0xa, 0xa8, 0x0,
    0x1, 0xbf, 0xf8, 0x0,

    /* U+00B0 "°" */
    0x0, 0x5, 0x90, 0x0, 0x0, 0x7f, 0xff, 0x40,
    0x3, 0xff, 0xff, 0xe0, 0xb, 0xff, 0xff, 0xf4,
    0x1f, 0xf4, 0xb, 0xfc, 0x3f, 0xd0, 0x2, 0xfd,
    0x3f, 0xc0, 0x0, 0xfe, 0x3f, 0x80, 0x0, 0xff,
    0x3f, 0xc0, 0x0, 0xff, 0x3f, 0xc0, 0x1, 0xfe,
    0x2f, 0xf0, 0x3, 0xfd, 0xf, 0xfe, 0xaf, 0xfc,
    0x7, 0xff, 0xff, 0xf0, 0x1, 0xff, 0xff, 0xc0,
    0x0, 0x1f, 0xf9, 0x0,

    /* U+00B5 "µ" */
    0x0, 0x0, 0x0, 0x0, 0x0, 0x1, 0xff, 0xf0,
    0x0, 0x3, 0xff, 0xd7, 0xff, 0xc0, 0x0, 0xf,
    0xff, 0x5f, 0xff, 0x0, 0x0, 0x3f, 0xfd, 0x7f,
    0xfc, 0x0, 0x0, 0xff, 0xf5, 0xff, 0xf0, 0x0,
    0x3, 0xff, 0xd7, 0xff, 0xc0, 0x0, 0xf, 0xff,
    0x5f, 0xff, 0x0, 0x0, 0x3f, 0xfd, 0x7f, 0xfc,
    0x0, 0x0, 0xff, 0xf5, 0xff, 0xf0, 0x0, 0x3,
    0xff, 0xd7, 0xff, 0xc0, 0x0, 0xf, 0xff, 0x5f,
    0xff, 0x0, 0x0, 0x3f, 0xfd, 0x7f, 0xfc, 0x0,
    0x0, 0xff, 0xf5, 0xff, 0xf0, 0x0, 0x3, 0xff,
    0xd7, 0xff, 0xc0, 0x0, 0xf, 0xff, 0x5f, 0xff,
    0x0, 0x0, 0x3f, 0xfd, 0x7f, 0xfc, 0x0, 0x0,
    0xff, 0xf5, 0xff, 0xf0, 0x0, 0x3, 0xff, 0xd7,
    0xff, 0xd0, 0x0, 0x2f, 0xff, 0x5f, 0xff, 0xc0,
    0x1, 0xff, 0xfd, 0x7f, 0xff, 0xe5, 0xbf, 0xff,
    0xf5, 0xff, 0xff, 0xff, 0xff, 0xff, 0xd7, 0xff,
    0xff, 0xff, 0xff, 0xff, 0x5f, 0xff, 0xff, 0xff,
    0xdf, 0xfd, 0x7f, 0xff, 0xff, 0xfc, 0x7f, 0xf5,
    0xff, 0xf2, 0xff, 0x40, 0x0, 0x7, 0xff, 0xc0,
    0x0, 0x0, 0x0, 0x1f, 0xff, 0x0, 0x0, 0x0,
    0x0, 0x7f, 0xfc, 0x0, 0x0, 0x0, 0x1, 0xff,
    0xf0, 0x0, 0x0, 0x0, 0x7, 0xff, 0xc0, 0x0,
    0x0, 0x0, 0x1f, 0xff, 0x0, 0x0, 0x0, 0x0,
    0x7f, 0xfc, 0x0, 0x0, 0x0, 0x1, 0xff, 0xf0,
    0x0, 0x0, 0x0, 0x0,

    /* U+00C1 "Á" */
    0x0, 0x0, 0x0, 0x0, 0x3f, 0xff, 0x0, 0x0,
    0x0, 0x0, 0x0, 0x0, 0x3, 0xff, 0xd0, 0x0,
    0x0, 0x0, 0x0, 0x0, 0x0, 0xbf, 0xf8, 0x0,
    0x0, 0x0, 0x0, 0x0, 0x0, 0xf, 0xff, 0x0,
    0x0, 0x0, 0x0, 0x0, 0x0, 0x2, 0xff, 0xd0,
    0x0, 0x0, 0x0, 0x0, 0x0, 0x0, 0x3f, 0xf8,
    0x0, 0x0, 0x0, 0x0, 0x0, 0x0, 0xb, 0xff,
    0x0, 0x0, 0x0, 0x0, 0x0, 0x0, 0x0, 0x0,
    0x0, 0x0, 0x0, 0x0, 0x0, 0x0, 0x0, 0x0,
    0x0, 0x0, 0x0, 0x0, 0x0, 0x0, 0x0, 0x0,
    0x0, 0x0, 0x0, 0x0, 0x0, 0x0, 0x0, 0x0,
    0x6a, 0xaa, 0x90, 0x0, 0x0, 0x0, 0x0, 0x0,
    0xf, 0xff, 0xff, 0x0, 0x0, 0x0, 0x0, 0x0,
    0x0, 0xff, 0xff, 0xf4, 0x0, 0x0, 0x0, 0x0,
    0x0, 0x1f, 0xff, 0xff, 0x80, 0x0, 0x0, 0x0,
    0x0, 0x3, 0xff, 0xff, 0xfc, 0x0, 0x0, 0x0,
    0x0, 0x0, 0x3f, 0xff, 0xff, 0xd0, 0x0, 0x0,
    0x0, 0x0, 0xb, 0xff, 0xaf, 0xfe, 0x0, 0x0,
    0x0, 0x0, 0x0, 0xff, 0xf5, 0xff, 0xf0, 0x0,
    0x0, 0x0, 0x0, 0x1f, 0xff, 0xf, 0xff, 0x40,
    0x0, 0x0, 0x0, 0x2, 0xff, 0xe0, 0xff, 0xfc,
    0x0, 0x0, 0x0, 0x0, 0x3f, 0xfd, 0x7, 0xff,
    0xc0, 0x0, 0x0, 0x0, 0x7, 0xff, 0xc0, 0x3f,
    0xfe, 0x0, 0x0, 0x0, 0x0, 0xbf, 0xfc, 0x3,
    0xff, 0xf0, 0x0, 0x0, 0x0, 0xf, 0xff, 0x40,
    0x1f, 0xff, 0x40, 0x0, 0x0, 0x1, 0xff, 0xf0,
    0x0, 0xff, 0xf8, 0x0, 0x0, 0x0, 0x3f, 0xfe,
    0x0, 0xb, 0xff, 0xc0, 0x0, 0x0, 0x3, 0xff,
    0xd0, 0x0, 0x7f, 0xfd, 0x0, 0x0, 0x0, 0xbf,
    0xfc, 0x0, 0x3, 0xff, 0xe0, 0x0, 0x0, 0xf,
    0xff, 0x80, 0x0, 0x2f, 0xff, 0x0, 0x0, 0x1,
    0xff, 0xf4, 0x0, 0x1, 0xff, 0xf4, 0x0, 0x0,
    0x2f, 0xff, 0x0, 0x0, 0xf, 0xff, 0xc0, 0x0,
    0x3, 0xff, 0xe0, 0x0, 0x0, 0xbf, 0xfc, 0x0,
    0x0, 0x7f, 0xff, 0xff, 0xff, 0xff, 0xff, 0xe0,
    0x0, 0xb, 0xff, 0xff, 0xff, 0xff, 0xff, 0xff,
    0x0, 0x0, 0xff, 0xff, 0xff, 0xff, 0xff, 0xff,
    0xf4, 0x0, 0x1f, 0xff, 0xff, 0xff, 0xff, 0xff,
    0xff, 0x80, 0x3, 0xff, 0xff, 0xff, 0xff, 0xff,
    0xff, 0xfc, 0x0, 0x3f, 0xff, 0xaa, 0xaa, 0xaa,
    0xab, 0xff, 0xd0, 0xb, 0xff, 0xc0, 0x0, 0x0,
    0x0, 0x3f, 0xfe, 0x0, 0xff, 0xfc, 0x0, 0x0,
    0x0, 0x3, 0xff, 0xf0, 0x1f, 0xff, 0x80, 0x0,
    0x0, 0x0, 0x2f, 0xff, 0x42, 0xff, 0xf0, 0x0,
    0x0, 0x0, 0x0, 0xff, 0xfc, 0x3f, 0xff, 0x0,
    0x0, 0x0, 0x0, 0xf, 0xff, 0xc7, 0xff, 0xd0,
    0x0, 0x0, 0x0, 0x0, 0x7f, 0xfe,

    /* U+00C9 "É" */
    0x0, 0x0, 0x0, 0x3f, 0xfe, 0x0, 0x0, 0x0,
    0x0, 0x2f, 0xff, 0x0, 0x0, 0x0, 0x0, 0xf,
    0xff, 0x40, 0x0, 0x0, 0x0, 0x7, 0xff, 0x80,
    0x0, 0x0, 0x0, 0x3, 0xff, 0xc0, 0x0, 0x0,
    0x0, 0x1, 0xff, 0xd0, 0x0, 0x0, 0x0, 0x0,
    0xff, 0xe0, 0x0, 0x0, 0x0, 0x0, 0x0, 0x0,
    0x0, 0x0, 0x0, 0x0, 0x0, 0x0, 0x0, 0x0,
    0x0, 0x0, 0x0, 0x0, 0x0, 0x0, 0x6, 0xaa,
    0xaa, 0xaa, 0xaa, 0xaa, 0xa6, 0xff, 0xff, 0xff,
    0xff, 0xff, 0xfd, 0xbf, 0xff, 0xff, 0xff, 0xff,
    0xff, 0x6f, 0xff, 0xff, 0xff, 0xff, 0xff, 0xdb,
    0xff, 0xff, 0xff, 0xff, 0xff, 0xf6, 0xff, 0xff,
    0xff, 0xff, 0xff, 0xfd, 0xbf, 0xfc, 0x0, 0x0,
    0x0, 0x0, 0x2f, 0xff, 0x0, 0x0, 0x0, 0x0,
    0xb, 0xff, 0xc0, 0x0, 0x0, 0x0, 0x2, 0xff,
    0xf0, 0x0, 0x0, 0x0, 0x0, 0xbf, 0xfc, 0x0,
    0x0, 0x0, 0x0, 0x2f, 0xff, 0x0, 0x0, 0x0,
    0x0, 0xb, 0xff, 0xc0, 0x0, 0x0, 0x0, 0x2,
    0xff, 0xf0, 0x0, 0x0, 0x0, 0x0, 0xbf, 0xff,
    0xff, 0xff, 0xff, 0xfd, 0x2f, 0xff, 0xff, 0xff,
    0xff, 0xff, 0x4b, 0xff, 0xff, 0xff, 0xff, 0xff,
    0xd2, 0xff, 0xff, 0xff, 0xff, 0xff, 0xf4, 0xbf,
    0xff, 0xff, 0xff, 0xff, 0xfd, 0x2f, 0xff, 0xaa,
    0xaa, 0xaa, 0xaa, 0xb, 0xff, 0xc0, 0x0, 0x0,
    0x0, 0x2, 0xff, 0xf0, 0x0, 0x0, 0x0, 0x0,
    0xbf, 0xfc, 0x0, 0x0, 0x0, 0x0, 0x2f, 0xff,
    0x0, 0x0, 0x0, 0x0, 0xb, 0xff, 0xc0, 0x0,
    0x0, 0x0, 0x2, 0xff, 0xf0, 0x0, 0x0, 0x0,
    0x0, 0xbf, 0xfc, 0x0, 0x0, 0x0, 0x0, 0x2f,
    0xff, 0x0, 0x0, 0x0, 0x0, 0xb, 0xff, 0xea,
    0xaa, 0xaa, 0xaa, 0xaa, 0xff, 0xff, 0xff, 0xff,
    0xff, 0xff, 0xbf, 0xff, 0xff, 0xff, 0xff, 0xff,
    0xef, 0xff, 0xff, 0xff, 0xff, 0xff, 0xfb, 0xff,
    0xff, 0xff, 0xff, 0xff, 0xfe, 0xff, 0xff, 0xff,
    0xff, 0xff, 0xff,

    /* U+00E1 "á" */
    0x0, 0x0, 0x0, 0x0, 0x0, 0x0, 0x0, 0x0,
    0x0, 0x3f, 0xfe, 0x0, 0x0, 0x0, 0x0, 0xbf,
    0xfc, 0x0, 0x0, 0x0, 0x0, 0xff, 0xf4, 0x0,
    0x0, 0x0, 0x2, 0xff, 0xe0, 0x0, 0x0, 0x0,
    0x3, 0xff, 0xc0, 0x0, 0x0, 0x0, 0xb, 0xff,
    0x40, 0x0, 0x0, 0x0, 0xf, 0xfe, 0x0, 0x0,
    0x0, 0x0, 0x0, 0x0, 0x0, 0x0, 0x0, 0x0,
    0x0, 0x0, 0x0, 0x0, 0x0, 0x0, 0x6f, 0xfe,
    0x80, 0x0, 0x0, 0x1f, 0xff, 0xff, 0xfc, 0x0,
    0x0, 0xbf, 0xff, 0xff, 0xff, 0x40, 0x3, 0xff,
    0xff, 0xff, 0xff, 0xd0, 0xf, 0xff, 0xff, 0xff,
    0xff, 0xf0, 0x2f, 0xff, 0xe4, 0x7, 0xff, 0xf8,
    0xf, 0xff, 0x0, 0x0, 0xbf, 0xfc, 0x2, 0xf8,
    0x0, 0x0, 0x3f, 0xfc, 0x0, 0xa0, 0x0, 0x0,
    0x3f, 0xfc, 0x0, 0x0, 0x0, 0x1, 0x7f, 0xfc,
    0x0, 0x0, 0x6, 0xff, 0xff, 0xfc, 0x0, 0x2,
    0xff, 0xff, 0xff, 0xfc, 0x0, 0x7f, 0xff, 0xff,
    0xff, 0xfc, 0x2, 0xff, 0xff, 0xff, 0xff, 0xfc,
    0xb, 0xff, 0xff, 0xe4, 0x3f, 0xfc, 0x1f, 0xff,
    0xe4, 0x0, 0x3f, 0xfc, 0x3f, 0xff, 0x0, 0x0,
    0x3f, 0xfc, 0x3f, 0xfc, 0x0, 0x0, 0x3f, 0xfc,
    0x3f, 0xfc, 0x0, 0x0, 0xbf, 0xfc, 0x3f, 0xfc,
    0x0, 0x2, 0xff, 0xfc, 0x3f, 0xff, 0x40, 0x1f,
    0xff, 0xfc, 0x2f, 0xff, 0xff, 0xff, 0xff, 0xfc,
    0x1f, 0xff, 0xff, 0xff, 0xff, 0xfc, 0xb, 0xff,
    0xff, 0xff, 0x9f, 0xfc, 0x1, 0xff, 0xff, 0xfd,
    0x1f, 0xfc, 0x0, 0x1b, 0xff, 0x90, 0x0, 0x0,

    /* U+00E9 "é" */
    0x0, 0x0, 0x0, 0x0, 0x0, 0x0, 0x0, 0x0,
    0x0, 0xf, 0xff, 0xc0, 0x0, 0x0, 0x0, 0x7,
    0xff, 0xd0, 0x0, 0x0, 0x0, 0x2, 0xff, 0xe0,
    0x0, 0x0, 0x0, 0x0, 0xff, 0xf0, 0x0, 0x0,
    0x0, 0x0, 0xbf, 0xf4, 0x0, 0x0, 0x0, 0x0,
    0x3f, 0xf8, 0x0, 0x0, 0x0, 0x0, 0x2f, 0xfc,
    0x0, 0x0, 0x0, 0x0, 0x0, 0x0, 0x0, 0x0,
    0x0, 0x0, 0x0, 0x0, 0x0, 0x0, 0x0, 0x0,
    0x1, 0xbf, 0xa4, 0x0, 0x0, 0x0, 0x1f, 0xff,
    0xff, 0xe0, 0x0, 0x0, 0x2f, 0xff, 0xff, 0xff,
    0x40, 0x0, 0x3f, 0xff, 0xff, 0xff, 0xf4, 0x0,
    0x2f, 0xff, 0xff, 0xff, 0xff, 0x0, 0x1f, 0xff,
    0xd0, 0x1b, 0xff, 0xe0, 0xf, 0xff, 0x80, 0x0,
    0x7f, 0xfc, 0x7, 0xff, 0xc0, 0x0, 0xb, 0xff,
    0x83, 0xff, 0xd0, 0x0, 0x0, 0xff, 0xf0, 0xff,
    0xf0, 0x0, 0x0, 0x3f, 0xfc, 0x7f, 0xfd, 0x55,
    0x55, 0x5f, 0xff, 0x1f, 0xff, 0xff, 0xff, 0xff,
    0xff, 0xc7, 0xff, 0xff, 0xff, 0xff, 0xff, 0xf5,
    0xff, 0xff, 0xff, 0xff, 0xff, 0xfd, 0x7f, 0xff,
    0xff, 0xff, 0xff, 0xff, 0x1f, 0xfe, 0x0, 0x0,
    0x0, 0x0, 0x3, 0xff, 0xc0, 0x0, 0x0, 0x0,
    0x0, 0xff, 0xf4, 0x0, 0x0, 0x0, 0x0, 0x2f,
    0xff, 0x0, 0x0, 0x1, 0xe0, 0x3, 0xff, 0xf0,
    0x0, 0x2, 0xfe, 0x0, 0xbf, 0xff, 0x94, 0x5b,
    0xff, 0xe0, 0xf, 0xff, 0xff, 0xff, 0xff, 0xfc,
    0x0, 0xff, 0xff, 0xff, 0xff, 0xfc, 0x0, 0xf,
    0xff, 0xff, 0xff, 0xf8, 0x0, 0x0, 0x7f, 0xff,
    0xff, 0xe0, 0x0, 0x0, 0x1, 0xaf, 0xfe, 0x40,
    0x0,

    /* U+0150 "Ő" */
    0x0, 0x0, 0x0, 0xf, 0xff, 0xb, 0xff, 0x0,
    0x0, 0x0, 0x0, 0x0, 0x7f, 0xf4, 0x3f, 0xf4,
    0x0, 0x0, 0x0, 0x0, 0x2, 0xff, 0x82, 0xff,
    0xc0, 0x0, 0x0, 0x0, 0x0, 0xf, 0xfc, 0xf,
    0xfc, 0x0, 0x0, 0x0, 0x0, 0x0, 0xbf, 0xd0,
    0x7f, 0xd0, 0x0, 0x0, 0x0, 0x0, 0x3, 0xfe,
    0x3, 0xff, 0x0, 0x0, 0x0, 0x0, 0x0, 0x2f,
    0xf0, 0x1f, 0xf0, 0x0, 0x0, 0x0, 0x0, 0x0,
    0x0, 0x0, 0x0, 0x0, 0x0, 0x0, 0x0, 0x0,
    0x0, 0x0, 0x0, 0x0, 0x0, 0x0, 0x0, 0x0,
    0x0, 0x0, 0x0, 0x0, 0x0, 0x0, 0x0, 0x0,
    0x0, 0x0, 0x6, 0xff, 0xfe, 0x40, 0x0, 0x0,
    0x0, 0x0, 0x2, 0xff, 0xff, 0xff, 0xe0, 0x0,
    0x0, 0x0, 0x0, 0xbf, 0xff, 0xff, 0xff, 0xf8,
    0x0, 0x0, 0x0, 0xf, 0xff, 0xff, 0xff, 0xff,
    0xfc, 0x0, 0x0, 0x1, 0xff, 0xff, 0xff, 0xff,
    0xff, 0xfd, 0x0, 0x0, 0xf, 0xff, 0xff, 0xff,
    0xff, 0xff, 0xfc, 0x0, 0x0, 0xff, 0xff, 0xe4,
    0x0, 0x6f, 0xff, 0xfc, 0x0, 0xb, 0xff, 0xfc,
    0x0, 0x0, 0xf, 0xff, 0xf8, 0x0, 0x3f, 0xff,
    0xc0, 0x0, 0x0, 0xf, 0xff, 0xf0, 0x2, 0xff,
    0xfc, 0x0, 0x0, 0x0, 0xf, 0xff, 0xe0, 0xf,
    0xff, 0xd0, 0x0, 0x0, 0x0, 0x1f, 0xff, 0xc0,
    0x7f, 0xff, 0x0, 0x0, 0x0, 0x0, 0x3f, 0xff,
    0x42, 0xff, 0xf4, 0x0, 0x0, 0x0, 0x0, 0x7f,
    0xfe, 0xf, 0xff, 0xc0, 0x0, 0x0, 0x0, 0x0,
    0xff, 0xfc, 0x3f, 0xff, 0x0, 0x0, 0x0, 0x0,
    0x3, 0xff, 0xf0, 0xff, 0xf8, 0x0, 0x0, 0x0,
    0x0, 0xb, 0xff, 0xc7, 0xff, 0xe0, 0x0, 0x0,
    0x0, 0x0, 0x2f, 0xff, 0x5f, 0xff, 0x80, 0x0,
    0x0, 0x0, 0x0, 0xbf, 0xfd, 0x7f, 0xfe, 0x0,
    0x0, 0x0, 0x0, 0x2, 0xff, 0xf4, 0xff, 0xf8,
    0x0, 0x0, 0x0, 0x0, 0xb, 0xff, 0xc3, 0xff,
    0xf0, 0x0, 0x0, 0x0, 0x0, 0x3f, 0xff, 0xf,
    0xff, 0xc0, 0x0, 0x0, 0x0, 0x0, 0xff, 0xfc,
    0x2f, 0xff, 0x40, 0x0, 0x0, 0x0, 0x7, 0xff,
    0xe0, 0x7f, 0xff, 0x0, 0x0, 0x0, 0x0, 0x3f,
    0xff, 0x40, 0xff, 0xfd, 0x0, 0x0, 0x0, 0x1,
    0xff, 0xfc, 0x2, 0xff, 0xfc, 0x0, 0x0, 0x0,
    0xf, 0xff, 0xe0, 0x3, 0xff, 0xfc, 0x0, 0x0,
    0x0, 0xff, 0xff, 0x0, 0xb, 0xff, 0xfc, 0x0,
    0x0, 0xf, 0xff, 0xf8, 0x0, 0xf, 0xff, 0xfe,
    0x40, 0x6, 0xff, 0xff, 0xc0, 0x0, 0xf, 0xff,
    0xff, 0xff, 0xff, 0xff, 0xfc, 0x0, 0x0, 0x1f,
    0xff, 0xff, 0xff, 0xff, 0xff, 0xd0, 0x0, 0x0,
    0xf, 0xff, 0xff, 0xff, 0xff, 0xfc, 0x0, 0x0,
    0x0, 0xb, 0xff, 0xff, 0xff, 0xff, 0x80, 0x0,
    0x0, 0x0, 0x2, 0xff, 0xff, 0xff, 0xe0, 0x0,
    0x0, 0x0, 0x0, 0x0, 0x6f, 0xff, 0xe4, 0x0,
    0x0, 0x0,

    /* U+0151 "ő" */
    0x0, 0x0, 0x0, 0x0, 0x0, 0x0, 0x0, 0x0,
    0x0, 0xff, 0xd0, 0xff, 0xe0, 0x0, 0x0, 0x2f,
    0xfc, 0x1f, 0xfc, 0x0, 0x0, 0x3, 0xff, 0x3,
    0xff, 0x40, 0x0, 0x0, 0xbf, 0xe0, 0x7f, 0xe0,
    0x0, 0x0, 0xf, 0xfc, 0xf, 0xfc, 0x0, 0x0,
    0x2, 0xff, 0x1, 0xff, 0x40, 0x0, 0x0, 0x3f,
    0xe0, 0x3f, 0xe0, 0x0, 0x0, 0x0, 0x0, 0x0,
    0x0, 0x0, 0x0, 0x0, 0x0, 0x0, 0x0, 0x0,
    0x0, 0x0, 0x0, 0x2b, 0xff, 0x90, 0x0, 0x0,
    0x0, 0x7f, 0xff, 0xff, 0xe0, 0x0, 0x0, 0x2f,
    0xff, 0xff, 0xff, 0xc0, 0x0, 0xf, 0xff, 0xff,
    0xff, 0xff, 0x40, 0x2, 0xff, 0xff, 0xff, 0xff,
    0xfc, 0x0, 0x7f, 0xff, 0xd4, 0x6f, 0xff, 0xf0,
    0xf, 0xff, 0xd0, 0x0, 0x3f, 0xff, 0x41, 0xff,
    0xf4, 0x0, 0x0, 0xff, 0xfc, 0x3f, 0xff, 0x0,
    0x0, 0x7, 0xff, 0xd3, 0xff, 0xd0, 0x0, 0x0,
    0x3f, 0xfe, 0x7f, 0xfc, 0x0, 0x0, 0x2, 0xff,
    0xf7, 0xff, 0xc0, 0x0, 0x0, 0x1f, 0xff, 0x7f,
    0xfc, 0x0, 0x0, 0x1, 0xff, 0xf7, 0xff, 0xc0,
    0x0, 0x0, 0x1f, 0xff, 0x7f, 0xfc, 0x0, 0x0,
    0x1, 0xff, 0xf7, 0xff, 0xc0, 0x0, 0x0, 0x2f,
    0xff, 0x3f, 0xfd, 0x0, 0x0, 0x3, 0xff, 0xe3,
    0xff, 0xf0, 0x0, 0x0, 0x7f, 0xfd, 0x1f, 0xff,
    0x40, 0x0, 0xf, 0xff, 0xc0, 0xff, 0xfd, 0x0,
    0x3, 0xff, 0xf4, 0x7, 0xff, 0xfd, 0x46, 0xff,
    0xff, 0x0, 0x2f, 0xff, 0xff, 0xff, 0xff, 0xc0,
    0x0, 0xff, 0xff, 0xff, 0xff, 0xf4, 0x0, 0x2,
    0xff, 0xff, 0xff, 0xfc, 0x0, 0x0, 0x7, 0xff,
    0xff, 0xfe, 0x0, 0x0, 0x0, 0x2, 0xbf, 0xf9,
    0x0, 0x0,

    /* U+2190 "←" */
    0x0, 0x0, 0x0, 0x0, 0x40, 0x0, 0x0, 0x0,
    0x0, 0x0, 0x0, 0x0, 0x0, 0x0, 0x7c, 0x0,
    0x0, 0x0, 0x0, 0x0, 0x0, 0x0, 0x0, 0x0,
    0x7f, 0xc0, 0x0, 0x0, 0x0, 0x0, 0x0, 0x0,
    0x0, 0x0, 0x7f, 0xfc, 0x0, 0x0, 0x0, 0x0,
    0x0, 0x0, 0x0, 0x0, 0x7f, 0xff, 0x0, 0x0,
    0x0, 0x0, 0x0, 0x0, 0x0, 0x0, 0x7f, 0xff,
    0x0, 0x0, 0x0, 0x0, 0x0, 0x0, 0x0, 0x0,
    0x7f, 0xff, 0x0, 0x0, 0x0, 0x0, 0x0, 0x0,
    0x0, 0x0, 0x7f, 0xff, 0x0, 0x0, 0x0, 0x0,
    0x0, 0x0, 0x0, 0x0, 0x7f, 0xff, 0x0, 0x0,
    0x0, 0x0, 0x0, 0x0, 0x0, 0x0, 0x7f, 0xff,
    0x0, 0x0, 0x0, 0x0, 0x0, 0x0, 0x0, 0x0,
    0x7f, 0xff, 0x0, 0x0, 0x0, 0x0, 0x0, 0x0,
    0x0, 0x0, 0x7f, 0xff, 0x0, 0x0, 0x0, 0x0,
    0x0, 0x0, 0x0, 0x0, 0x7f, 0xff, 0x0, 0x0,
    0x0, 0x0, 0x0, 0x0, 0x0, 0x0, 0x7f, 0xff,
    0x0, 0x0, 0x0, 0x0, 0x0, 0x0, 0x0, 0x0,
    0x7f, 0xff, 0xff, 0xff, 0xff, 0xff, 0xff, 0xff,
    0xff, 0xf8, 0x7f, 0xff, 0xff, 0xff, 0xff, 0xff,
    0xff, 0xff, 0xff, 0xff, 0x7f, 0xff, 0xff, 0xff,
    0xff, 0xff, 0xff, 0xff, 0xff, 0xff, 0xcb, 0xff,
    0xff, 0xff, 0xff, 0xff, 0xff, 0xff, 0xff, 0xff,
    0xf0, 0xbf, 0xff, 0xff, 0xff, 0xff, 0xff, 0xff,
    0xff, 0xff, 0xfc, 0xb, 0xff, 0xf5, 0x55, 0x55,
    0x55, 0x55, 0x55, 0x55, 0x54, 0x0, 0xbf, 0xfe,
    0x0, 0x0, 0x0, 0x0, 0x0, 0x0, 0x0, 0x0,
    0xb, 0xff, 0xe0, 0x0, 0x0, 0x0, 0x0, 0x0,
    0x0, 0x0, 0x0, 0xbf, 0xfe, 0x0, 0x0, 0x0,
    0x0, 0x0, 0x0, 0x0, 0x0, 0xb, 0xff, 0xe0,
    0x0, 0x0, 0x0, 0x0, 0x0, 0x0, 0x0, 0x0,
    0xbf, 0xfe, 0x0, 0x0, 0x0, 0x0, 0x0, 0x0,
    0x0, 0x0, 0xb, 0xff, 0xe0, 0x0, 0x0, 0x0,
    0x0, 0x0, 0x0, 0x0, 0x0, 0xbf, 0xfe, 0x0,
    0x0, 0x0, 0x0, 0x0, 0x0, 0x0, 0x0, 0xb,
    0xff, 0xe0, 0x0, 0x0, 0x0, 0x0, 0x0, 0x0,
    0x0, 0x0, 0xbf, 0xfe, 0x0, 0x0, 0x0, 0x0,
    0x0, 0x0, 0x0, 0x0, 0xb, 0xff, 0xd0, 0x0,
    0x0, 0x0, 0x0, 0x0, 0x0, 0x0, 0x0, 0xbf,
    0xd0, 0x0, 0x0, 0x0, 0x0, 0x0, 0x0, 0x0,
    0x0, 0xb, 0xd0, 0x0, 0x0, 0x0, 0x0, 0x0,
    0x0, 0x0, 0x0, 0x0, 0x90, 0x0, 0x0, 0x0,
    0x0, 0x0, 0x0, 0x0, 0x0, 0x0, 0x0, 0x0,
    0x0, 0x0, 0x0, 0x0, 0x0,

    /* U+2192 "→" */
    0x0, 0x0, 0x0, 0x0, 0x0, 0x0, 0x40, 0x0,
    0x0, 0x0, 0x0, 0x0, 0x0, 0x0, 0x0, 0x0,
    0x1f, 0x0, 0x0, 0x0, 0x0, 0x0, 0x0, 0x0,
    0x0, 0x0, 0x7, 0xfc, 0x0, 0x0, 0x0, 0x0,
    0x0, 0x0, 0x0, 0x0, 0x1, 0xff, 0xf0, 0x0,
    0x0, 0x0, 0x0, 0x0, 0x0, 0x0, 0x0, 0x1f,
    0xff, 0xc0, 0x0, 0x0, 0x0, 0x0, 0x0, 0x0,
    0x0, 0x0, 0x7f, 0xff, 0x0, 0x0, 0x0, 0x0,
    0x0, 0x0, 0x0, 0x0, 0x1, 0xff, 0xfc, 0x0,
    0x0, 0x0, 0x0, 0x0, 0x0, 0x0, 0x0, 0x7,
    0xff, 0xf0, 0x0, 0x0, 0x0, 0x0, 0x0, 0x0,
    0x0, 0x0, 0x1f, 0xff, 0xc0, 0x0, 0x0, 0x0,
    0x0, 0x0, 0x0, 0x0, 0x0, 0x7f, 0xff, 0x0,
    0x0, 0x0, 0x0, 0x0, 0x0, 0x0, 0x0, 0x1,
    0xff, 0xfc, 0x0, 0x0, 0x0, 0x0, 0x0, 0x0,
    0x0, 0x0, 0x7, 0xff, 0xf0, 0x0, 0x0, 0x0,
    0x0, 0x0, 0x0, 0x0, 0x0, 0x1f, 0xff, 0xc0,
    0x0, 0x0, 0x0, 0x0, 0x0, 0x0, 0x0, 0x0,
    0x3f, 0xff, 0x0, 0x3f, 0xff, 0xff, 0xff, 0xff,
    0xff, 0xff, 0xff, 0xff, 0xfc, 0x3, 0xff, 0xff,
    0xff, 0xff, 0xff, 0xff, 0xff, 0xff, 0xff, 0xf0,
    0x3f, 0xff, 0xff, 0xff, 0xff, 0xff, 0xff, 0xff,
    0xff, 0xff, 0xc3, 0xff, 0xff, 0xff, 0xff, 0xff,
    0xff, 0xff, 0xff, 0xff, 0xf4, 0x3f, 0xff, 0xff,
    0xff, 0xff, 0xff, 0xff, 0xff, 0xff, 0xfd, 0x1,
    0x55, 0x55, 0x55, 0x55, 0x55, 0x55, 0x55, 0x7f,
    0xff, 0x40, 0x0, 0x0, 0x0, 0x0, 0x0, 0x0,
    0x0, 0xf, 0xff, 0xd0, 0x0, 0x0, 0x0, 0x0,
    0x0, 0x0, 0x0, 0x3, 0xff, 0xf4, 0x0, 0x0,
    0x0, 0x0, 0x0, 0x0, 0x0, 0x0, 0xff, 0xfd,
    0x0, 0x0, 0x0, 0x0, 0x0, 0x0, 0x0, 0x0,
    0x3f, 0xff, 0x40, 0x0, 0x0, 0x0, 0x0, 0x0,
    0x0, 0x0, 0xf, 0xff, 0xd0, 0x0, 0x0, 0x0,
    0x0, 0x0, 0x0, 0x0, 0x3, 0xff, 0xf4, 0x0,
    0x0, 0x0, 0x0, 0x0, 0x0, 0x0, 0x0, 0xff,
    0xfd, 0x0, 0x0, 0x0, 0x0, 0x0, 0x0, 0x0,
    0x0, 0x3f, 0xff, 0x40, 0x0, 0x0, 0x0, 0x0,
    0x0, 0x0, 0x0, 0xf, 0xff, 0xd0, 0x0, 0x0,
    0x0, 0x0, 0x0, 0x0, 0x0, 0x2, 0xff, 0xf4,
    0x0, 0x0, 0x0, 0x0, 0x0, 0x0, 0x0, 0x0,
    0xb, 0xfd, 0x0, 0x0, 0x0, 0x0, 0x0, 0x0,
    0x0, 0x0, 0x0, 0x3f, 0x40, 0x0, 0x0, 0x0,
    0x0, 0x0, 0x0, 0x0, 0x0, 0x0, 0xd0, 0x0,
    0x0, 0x0, 0x0, 0x0, 0x0, 0x0, 0x0, 0x0,
    0x0, 0x0, 0x0, 0x0, 0x0
};


/*---------------------
 *  GLYPH DESCRIPTION
 *--------------------*/

static const lv_font_fmt_txt_glyph_dsc_t glyph_dsc_bold_48[] = {
    {.bitmap_index = 0, .adv_w = 0, .box_w = 0, .box_h = 0, .ofs_x = 0, .ofs_y = 0} /* id = 0 reserved */,
    {.bitmap_index = 0, .adv_w = 169, .box_w = 0, .box_h = 0, .ofs_x = 0, .ofs_y = 0},
    {.bitmap_index = 0, .adv_w = 229, .box_w = 8, .box_h = 34, .ofs_x = 3, .ofs_y = 0},
    {.bitmap_index = 68, .adv_w = 337, .box_w = 17, .box_h = 14, .ofs_x = 2, .ofs_y = 21},
    {.bitmap_index = 128, .adv_w = 453, .box_w = 29, .box_h = 32, .ofs_x = 0, .ofs_y = 0},
    {.bitmap_index = 360, .adv_w = 468, .box_w = 28, .box_h = 42, .ofs_x = 0, .ofs_y = -5},
    {.bitmap_index = 654, .adv_w = 677, .box_w = 38, .box_h = 35, .ofs_x = 2, .ofs_y = -2},
    {.bitmap_index = 987, .adv_w = 554, .box_w = 34, .box_h = 35, .ofs_x = 1, .ofs_y = -1},
    {.bitmap_index = 1285, .adv_w = 174, .box_w = 7, .box_h = 14, .ofs_x = 2, .ofs_y = 21},
    {.bitmap_index = 1310, .adv_w = 264, .box_w = 15, .box_h = 46, .ofs_x = 2, .ofs_y = -8},
    {.bitmap_index = 1483, .adv_w = 264, .box_w = 14, .box_h = 46, .ofs_x = 0, .ofs_y = -8},
    {.bitmap_index = 1644, .adv_w = 336, .box_w = 19, .box_h = 17, .ofs_x = 1, .ofs_y = 17},
    {.bitmap_index = 1725, .adv_w = 461, .box_w = 26, .box_h = 25, .ofs_x = 1, .ofs_y = 2},
    {.bitmap_index = 1888, .adv_w = 186, .box_w = 8, .box_h = 14, .ofs_x = 2, .ofs_y = -7},
    {.bitmap_index = 1916, .adv_w = 315, .box_w = 16, .box_h = 6, .ofs_x = 2, .ofs_y = 11},
    {.bitmap_index = 1940, .adv_w = 186, .box_w = 8, .box_h = 7, .ofs_x = 2, .ofs_y = 0},
    {.bitmap_index = 1954, .adv_w = 360, .box_w = 22, .box_h = 34, .ofs_x = 0, .ofs_y = 0},
    {.bitmap_index = 2141, .adv_w = 453, .box_w = 26, .box_h = 34, .ofs_x = 1, .ofs_y = -1},
    {.bitmap_index = 2362, .adv_w = 353, .box_w = 17, .box_h = 33, .ofs_x = 0, .ofs_y = 0},
    {.bitmap_index = 2503, .adv_w = 457, .box_w = 26, .box_h = 33, .ofs_x = 1, .ofs_y = 0},
    {.bitmap_index = 2718, .adv_w = 445, .box_w = 26, .box_h = 33, .ofs_x = 0, .ofs_y = -1},
    {.bitmap_index = 2933, .adv_w = 449, .box_w = 27, .box_h = 32, .ofs_x = 1, .ofs_y = 0},
    {.bitmap_index = 3149, .adv_w = 445, .box_w = 26, .box_h = 33, .ofs_x = 0, .ofs_y = -1},
    {.bitmap_index = 3364, .adv_w = 452, .box_w = 26, .box_h = 33, .ofs_x = 1, .ofs_y = -1},
    {.bitmap_index = 3579, .adv_w = 418, .box_w = 25, .box_h = 33, .ofs_x = 1, .ofs_y = 0},
    {.bitmap_index = 3786, .adv_w = 450, .box_w = 26, .box_h = 34, .ofs_x = 1, .ofs_y = -1},
    {.bitmap_index = 4007, .adv_w = 452, .box_w = 26, .box_h = 33, .ofs_x = 1, .ofs_y = 0},
    {.bitmap_index = 4222, .adv_w = 217, .box_w = 8, .box_h = 24, .ofs_x = 3, .ofs_y = 0},
    {.bitmap_index = 4270, .adv_w = 217, .box_w = 8, .box_h = 31, .ofs_x = 3, .ofs_y = -7},
    {.bitmap_index = 4332, .adv_w = 461, .box_w = 24, .box_h = 23, .ofs_x = 2, .ofs_y = 3},
    {.bitmap_index = 4470, .adv_w = 461, .box_w = 26, .box_h = 15, .ofs_x = 1, .ofs_y = 7},
    {.bitmap_index = 4568, .adv_w = 461, .box_w = 24, .box_h = 23, .ofs_x = 2, .ofs_y = 3},
    {.bitmap_index = 4706, .adv_w = 390, .box_w = 24, .box_h = 35, .ofs_x = 0, .ofs_y = 0},
    {.bitmap_index = 4916, .adv_w = 749, .box_w = 44, .box_h = 43, .ofs_x = 1, .ofs_y = -9},
    {.bitmap_index = 5389, .adv_w = 547, .box_w = 34, .box_h = 34, .ofs_x = 0, .ofs_y = 0},
    {.bitmap_index = 5678, .adv_w = 525, .box_w = 29, .box_h = 34, .ofs_x = 3, .ofs_y = 0},
    {.bitmap_index = 5925, .adv_w = 521, .box_w = 32, .box_h = 35, .ofs_x = 1, .ofs_y = -1},
    {.bitmap_index = 6205, .adv_w = 553, .box_w = 30, .box_h = 34, .ofs_x = 3, .ofs_y = 0},
    {.bitmap_index = 6460, .adv_w = 483, .box_w = 25, .box_h = 34, .ofs_x = 3, .ofs_y = 0},
    {.bitmap_index = 6673, .adv_w = 468, .box_w = 25, .box_h = 34, .ofs_x = 3, .ofs_y = 0},
    {.bitmap_index = 6886, .adv_w = 580, .box_w = 33, .box_h = 35, .ofs_x = 1, .ofs_y = -1},
    {.bitmap_index = 7175, .adv_w = 571, .box_w = 30, .box_h = 34, .ofs_x = 3, .ofs_y = 0},
    {.bitmap_index = 7430, .adv_w = 230, .box_w = 8, .box_h = 34, .ofs_x = 3, .ofs_y = 0},
    {.bitmap_index = 7498, .adv_w = 363, .box_w = 20, .box_h = 35, .ofs_x = 0, .ofs_y = -1},
    {.bitmap_index = 7673, .adv_w = 535, .box_w = 31, .box_h = 34, .ofs_x = 3, .ofs_y = 0},
    {.bitmap_index = 7937, .adv_w = 440, .box_w = 24, .box_h = 34, .ofs_x = 3, .ofs_y = 0},
    {.bitmap_index = 8141, .adv_w = 700, .box_w = 38, .box_h = 34, .ofs_x = 3, .ofs_y = 0},
    {.bitmap_index = 8464, .adv_w = 572, .box_w = 30, .box_h = 34, .ofs_x = 3, .ofs_y = 0},
    {.bitmap_index = 8719, .adv_w = 592, .box_w = 35, .box_h = 35, .ofs_x = 1, .ofs_y = -1},
    {.bitmap_index = 9026, .adv_w = 524, .box_w = 29, .box_h = 34, .ofs_x = 3, .ofs_y = 0},
    {.bitmap_index = 9273, .adv_w = 592, .box_w = 35, .box_h = 38, .ofs_x = 1, .ofs_y = -4},
    {.bitmap_index = 9606, .adv_w = 533, .box_w = 30, .box_h = 34, .ofs_x = 3, .ofs_y = 0},
    {.bitmap_index = 9861, .adv_w = 495, .box_w = 30, .box_h = 35, .ofs_x = 0, .ofs_y = -1},
    {.bitmap_index = 10124, .adv_w = 470, .box_w = 28, .box_h = 34, .ofs_x = 1, .ofs_y = 0},
    {.bitmap_index = 10362, .adv_w = 542, .box_w = 28, .box_h = 35, .ofs_x = 3, .ofs_y = -1},
    {.bitmap_index = 10607, .adv_w = 512, .box_w = 32, .box_h = 34, .ofs_x = 0, .ofs_y = 0},
    {.bitmap_index = 10879, .adv_w = 746, .box_w = 45, .box_h = 34, .ofs_x = 1, .ofs_y = 0},
    {.bitmap_index = 11262, .adv_w = 541, .box_w = 34, .box_h = 34, .ofs_x = 0, .ofs_y = 0},
    {.bitmap_index = 11551, .adv_w = 505, .box_w = 32, .box_h = 34, .ofs_x = 0, .ofs_y = 0},
    {.bitmap_index = 11823, .adv_w = 492, .box_w = 27, .box_h = 34, .ofs_x = 2, .ofs_y = 0},
    {.bitmap_index = 12053, .adv_w = 270, .box_w = 12, .box_h = 44, .ofs_x = 4, .ofs_y = -7},
    {.bitmap_index = 12185, .adv_w = 360, .box_w = 22, .box_h = 34, .ofs_x = 0, .ofs_y = 0},
    {.bitmap_index = 12372, .adv_w = 270, .box_w = 12, .box_h = 44, .ofs_x = 1, .ofs_y = -7},
    {.bitmap_index = 12504, .adv_w = 453, .box_w = 25, .box_h = 21, .ofs_x = 2, .ofs_y = 13},
    {.bitmap_index = 12636, .adv_w = 461, .box_w = 31, .box_h = 5, .ofs_x = -1, .ofs_y = -9},
    {.bitmap_index = 12675, .adv_w = 239, .box_w = 11, .box_h = 8, .ofs_x = 2, .ofs_y = 27},
    {.bitmap_index = 12697, .adv_w = 430, .box_w = 24, .box_h = 26, .ofs_x = 1, .ofs_y = -1},
    {.bitmap_index = 12853, .adv_w = 460, .box_w = 26, .box_h = 35, .ofs_x = 2, .ofs_y = -1},
    {.bitmap_index = 13081, .adv_w = 406, .box_w = 24, .box_h = 26, .ofs_x = 1, .ofs_y = -1},
    {.bitmap_index = 13237, .adv_w = 460, .box_w = 26, .box_h = 35, .ofs_x = 1, .ofs_y = -1},
    {.bitmap_index = 13465, .adv_w = 431, .box_w = 25, .box_h = 26, .ofs_x = 1, .ofs_y = -1},
    {.bitmap_index = 13628, .adv_w = 281, .box_w = 19, .box_h = 35, .ofs_x = 0, .ofs_y = 0},
    {.bitmap_index = 13795, .adv_w = 453, .box_w = 25, .box_h = 35, .ofs_x = 1, .ofs_y = -10},
    {.bitmap_index = 14014, .adv_w = 439, .box_w = 23, .box_h = 34, .ofs_x = 2, .ofs_y = 0},
    {.bitmap_index = 14210, .adv_w = 187, .box_w = 7, .box_h = 34, .ofs_x = 2, .ofs_y = 0},
    {.bitmap_index = 14270, .adv_w = 190, .box_w = 14, .box_h = 43, .ofs_x = -4, .ofs_y = -10},
    {.bitmap_index = 14421, .adv_w = 422, .box_w = 25, .box_h = 34, .ofs_x = 2, .ofs_y = 0},
    {.bitmap_index = 14634, .adv_w = 190, .box_w = 8, .box_h = 34, .ofs_x = 2, .ofs_y = 0},
    {.bitmap_index = 14702, .adv_w = 650, .box_w = 36, .box_h = 25, .ofs_x = 2, .ofs_y = 0},
    {.bitmap_index = 14927, .adv_w = 439, .box_w = 23, .box_h = 25, .ofs_x = 2, .ofs_y = 0},
    {.bitmap_index = 15071, .adv_w = 455, .box_w = 26, .box_h = 26, .ofs_x = 1, .ofs_y = -1},
    {.bitmap_index = 15240, .adv_w = 460, .box_w = 26, .box_h = 34, .ofs_x = 2, .ofs_y = -9},
    {.bitmap_index = 15461, .adv_w = 460, .box_w = 26, .box_h = 34, .ofs_x = 1, .ofs_y = -9},
    {.bitmap_index = 15682, .adv_w = 304, .box_w = 17, .box_h = 25, .ofs_x = 2, .ofs_y = 0},
    {.bitmap_index = 15789, .adv_w = 391, .box_w = 24, .box_h = 26, .ofs_x = 0, .ofs_y = -1},
    {.bitmap_index = 15945, .adv_w = 297, .box_w = 18, .box_h = 32, .ofs_x = 0, .ofs_y = -1},
    {.bitmap_index = 16089, .adv_w = 433, .box_w = 23, .box_h = 26, .ofs_x = 2, .ofs_y = -1},
    {.bitmap_index = 16239, .adv_w = 400, .box_w = 25, .box_h = 24, .ofs_x = 0, .ofs_y = 0},
    {.bitmap_index = 16389, .adv_w = 608, .box_w = 38, .box_h = 24, .ofs_x = 0, .ofs_y = 0},
    {.bitmap_index = 16617, .adv_w = 402, .box_w = 25, .box_h = 25, .ofs_x = 0, .ofs_y = 0},
    {.bitmap_index = 16774, .adv_w = 400, .box_w = 25, .box_h = 34, .ofs_x = 0, .ofs_y = -10},
    {.bitmap_index = 16987, .adv_w = 382, .box_w = 21, .box_h = 24, .ofs_x = 1, .ofs_y = 0},
    {.bitmap_index = 17113, .adv_w = 286, .box_w = 15, .box_h = 44, .ofs_x = 2, .ofs_y = -7},
    {.bitmap_index = 17278, .adv_w = 300, .box_w = 6, .box_h = 45, .ofs_x = 6, .ofs_y = -7},
    {.bitmap_index = 17346, .adv_w = 286, .box_w = 15, .box_h = 44, .ofs_x = 1, .ofs_y = -7},
    {.bitmap_index = 17511, .adv_w = 461, .box_w = 25, .box_h = 7, .ofs_x = 2, .ofs_y = 13},
    {.bitmap_index = 17555, .adv_w = 332, .box_w = 16, .box_h = 15, .ofs_x = 2, .ofs_y = 20},
    {.bitmap_index = 17615, .adv_w = 433, .box_w = 23, .box_h = 34, .ofs_x = 2, .ofs_y = -9},
    {.bitmap_index = 17811, .adv_w = 547, .box_w = 34, .box_h = 44, .ofs_x = 0, .ofs_y = 0},
    {.bitmap_index = 18185, .adv_w = 483, .box_w = 25, .box_h = 44, .ofs_x = 3, .ofs_y = 0},
    {.bitmap_index = 18460, .adv_w = 430, .box_w = 24, .box_h = 36, .ofs_x = 1, .ofs_y = -1},
    {.bitmap_index = 18676, .adv_w = 431, .box_w = 25, .box_h = 36, .ofs_x = 1, .ofs_y = -1},
    {.bitmap_index = 18901, .adv_w = 592, .box_w = 35, .box_h = 45, .ofs_x = 1, .ofs_y = -1},
    {.bitmap_index = 19295, .adv_w = 455, .box_w = 26, .box_h = 36, .ofs_x = 1, .ofs_y = -1},
    {.bitmap_index = 19529, .adv_w = 714, .box_w = 41, .box_h = 34, .ofs_x = 1, .ofs_y = -1},
    {.bitmap_index = 19878, .adv_w = 714, .box_w = 42, .box_h = 34, .ofs_x = 2, .ofs_y = -1}
};

/*---------------------
 *  CHARACTER MAPPING
 *--------------------*/

static const uint16_t unicode_list_1_bold_48[] = {
    0x0, 0x5, 0x11, 0x19, 0x31, 0x39, 0xa0, 0xa1,
    0x20e0, 0x20e2
};

/*Collect the unicode lists and glyph_id offsets*/
static const lv_font_fmt_txt_cmap_t cmaps_bold_48[] =
{
    {
        .range_start = 32, .range_length = 95, .glyph_id_start = 1,
        .unicode_list = NULL, .glyph_id_ofs_list = NULL, .list_length = 0, .type = LV_FONT_FMT_TXT_CMAP_FORMAT0_TINY
    },
    {
        .range_start = 176, .range_length = 8419, .glyph_id_start = 96,
        .unicode_list = unicode_list_1_bold_48, .glyph_id_ofs_list = NULL, .list_length = 10, .type = LV_FONT_FMT_TXT_CMAP_SPARSE_TINY
    }
};

/*-----------------
 *    KERNING
 *----------------*/


/*Map glyph_ids to kern left classes*/
static const uint8_t kern_left_class_mapping_bold_48[] =
{
    0, 1, 2, 3, 0, 0, 0, 4,
    3, 5, 0, 6, 7, 8, 9, 8,
    10, 11, 12, 13, 14, 15, 16, 17,
    18, 19, 20, 21, 21, 0, 22, 0,
    0, 0, 23, 24, 25, 26, 27, 28,
    29, 30, 30, 31, 32, 33, 0, 30,
    26, 34, 26, 35, 36, 37, 38, 39,
    40, 41, 42, 43, 5, 0, 0, 0,
    0, 0, 44, 45, 46, 0, 47, 48,
    49, 44, 0, 50, 51, 0, 44, 44,
    45, 45, 52, 53, 54, 55, 56, 57,
    58, 59, 60, 61, 5, 0, 0, 0,
    62, 0, 23, 27, 44, 47, 26, 45,
    0, 0
};

/*Map glyph_ids to kern right classes*/
static const uint8_t kern_right_class_mapping_bold_48[] =
{
    0, 1, 2, 3, 0, 0, 0, 4,
    3, 0, 5, 6, 7, 8, 9, 8,
    10, 11, 12, 13, 14, 15, 16, 17,
    18, 19, 20, 0, 21, 0, 22, 0,
    23, 24, 25, 0, 26, 0, 0, 0,
    26, 0, 0, 27, 0, 0, 0, 0,
    26, 0, 26, 0, 28, 29, 30, 31,
    32, 33, 34, 35, 0, 0, 5, 0,
    0, 0, 36, 0, 37, 37, 37, 38,
    37, 0, 0, 39, 0, 0, 40, 40,
    37, 40, 37, 40, 41, 42, 43, 44,
    45, 46, 47, 48, 0, 0, 5, 0,
    49, 0, 25, 0, 36, 37, 26, 37,
    0, 0
};

/*Kern values between classes*/
static const int8_t kern_class_values_bold_48[] =
{
    0, 0, 0, 0, 0, 0, 0, 0,
    0, 0, 0, 0, 0, 0, 0, 0,
    0, 0, 0, 0, 0, 0, 0, 0,
    -14, 0, -20, 0, -7, 0, -14, -7,
    0, -14, 0, 0, 0, 0, 0, 0,
    0, 0, 0, 0, 0, 0, -7, 0,
    0, 0, 0, 0, 0, 0, 0, 0,
    0, 0, 0, 0, 0, 0, 0, 0,
    0, 0, 0, 0, 0, 0, 0, 0,
    0, 0, 0, 0, 0, 14, 0, 0,
    0, 0, 0, 0, 0, 0, 0, 0,
    0, 0, 0, 0, 0, 0, 0, 0,
    0, 0, 0, 0, 0, 0, 0, 0,
    0, 0, 0, 0, 0, 14, -12, 0,
    -48, 0, -7, 14, 0, 0, 0, 0,
    0, 0, 0, 0, 0, 0, 0, 0,
    0, 0, 0, 0, 0, 0, 0, 0,
    0, 0, 0, 0, 0, 0, 0, 0,
    0, 0, 0, 0, 0, 0, 0, 0,
    0, 0, 0, 0, 0, -7, -34, 7,
    0, 0, 0, 0, -34, 0, -14, 0,
    0, 0, 0, 0, 0, 0, 0, 0,
    0, 0, 0, 0, 0, 0, 0, 0,
    0, 0, 0, 0, 0, 0, 0, 0,
    0, 0, 0, 0, 0, 0, 0, 0,
    0, 0, 0, 0, 0, 0, 0, 0,
    3, 0, -20, 0, -7, 24, 0, 0,
    0, 0, 0, 0, 0, 0, 0, 0,
    0, 0, 0, 0, 0, 0, 0, 0,
    0, 0, 0, 0, 0, 0, 0, 0,
    0, 0, 0, 0, 0, 0, 0, 0,
    0, 0, 0, 0, 0, 0, 0, 0,
    0, 0, 0, 0, 0, 0, 0, 0,
    0, 0, 0, 0, 0, -61, 0, -102,
    0, 14, 0, 0, 0, 0, 0, 0,
    -20, -20, 14, 14, 0, -14, 27, 0,
    0, 0, 0, 0, 0, 0, 0, 0,
    0, 0, 0, 0, 0, 0, 0, 0,
    0, -34, -18, -31, 7, 0, 0, -55,
    0, 0, 0, 0, 0, 0, 0, 0,
    0, 0, 0, 0, 0, 0, 0, 0,
    0, 0, 0, 0, 0, 0, 0, 0,
    0, 0, 0, 0, 0, 0, 0, 0,
    0, 0, 0, 0, 0, 0, 0, 0,
    0, -7, -57, 10, 3, -1, 14, -7,
    -27, 3, -34, 0, 0, 0, 0, 0,
    0, 0, 0, 0, 0, 0, 0, 0,
    0, 0, 0, 0, 0, 0, 0, 0,
    0, 0, 0, 0, 0, 0, 0, 0,
    0, 0, 0, 0, 0, 0, 0, 0,
    0, 0, 7, -68, -12, -19, 21, -12,
    0, -51, 0, 0, 0, 0, 0, 0,
    0, 0, 0, 0, 0, 0, 0, 0,
    0, 0, 0, 0, 0, 0, 0, 0,
    0, 0, 0, 0, 0, 0, 0, 0,
    0, 0, 0, 0, 0, 0, 0, 0,
    0, 0, -116, 0, -7, -14, 0, -48,
    -7, -20, 27, 0, 7, 0, 0, 0,
    0, 0, 0, 0, 0, 0, 0, 0,
    0, 0, 0, 0, 0, 0, 0, 0,
    0, 0, 0, 0, 0, 0, 0, 0,
    0, 0, 0, 0, 0, 0, 0, 0,
    0, -7, 7, 0, 10, 1, 2, -2,
    20, 3, 4, -5, 6, 0, 0, 0,
    0, 0, 0, 0, 0, 0, 0, 0,
    0, 0, 0, 0, 0, 0, 0, 0,
    0, 0, 0, 0, 0, 0, 0, 0,
    0, 0, 0, 0, 0, -20, -20, 0,
    0, -20, -14, -26, -20, 0, -18, -2,
    -12, -6, -4, 0, -12, 0, -4, -24,
    -3, 0, 0, 0, 0, 0, 0, 0,
    0, 0, 0, 0, 0, 0, 0, 0,
    0, 0, 0, 0, 0, 0, 0, 0,
    0, 0, 0, -34, 0, 0, 0, -14,
    0, 0, -7, 0, -8, 0, 6, 18,
    -4, 2, -8, 5, -10, 5, 0, 6,
    0, 0, 0, 0, 0, 0, 0, 0,
    0, 0, 0, 0, 0, 0, 0, 0,
    0, 0, 0, 0, 0, 0, 0, 0,
    0, 0, 0, 0, 0, 0, 0, 0,
    0, 7, 0, 0, -2, 0, 0, 0,
    3, -7, 0, 11, 2, 0, 0, 3,
    -10, 0, 0, 0, 0, 0, 0, 0,
    0, 0, 0, 0, 0, 0, 0, 0,
    0, 0, 0, 0, 0, 0, 0, 0,
    0, 0, 0, 0, 0, -7, 0, 0,
    -41, 7, 0, 0, 0, 5, 12, 7,
    20, -18, 6, -1, 20, 0, 13, -16,
    20, -11, 0, 14, 0, 0, 0, 0,
    0, 0, 0, 0, 0, 0, 0, 0,
    0, 0, 0, 0, 0, 0, 0, 0,
    0, 0, 0, 0, 0, 0, -55, 0,
    0, 0, 0, 0, 0, 0, -14, 0,
    -7, 0, 3, -5, -12, 6, -2, 0,
    1, 2, -7, 0, 0, 0, 0, 0,
    0, 0, 0, 0, 0, 0, 0, 0,
    0, 0, 0, 0, 0, 0, 0, 0,
    0, 0, 0, 0, 0, 0, 0, -7,
    0, 0, -27, 0, 0, 0, 0, 0,
    0, 7, 0, -15, -5, -1, 14, 0,
    0, -22, 10, -14, 0, 0, 0, 0,
    0, 0, 0, 0, 0, 0, 0, 0,
    0, 0, 0, 0, 0, 0, 0, 0,
    0, 0, 0, 0, 0, 0, 0, 0,
    -20, 0, 0, 14, -41, 28, 0, -41,
    -82, -59, -41, 5, 15, 2, 10, -25,
    -2, -22, 27, 3, 8, -14, -14, 0,
    0, 0, 0, 0, 0, 0, 0, 0,
    0, 0, 0, 0, 0, 0, 0, 0,
    0, 0, 0, 0, 0, 0, 0, 0,
    0, 7, 0, 0, 0, 0, 0, 0,
    0, 3, 0, 0, 6, 6, 1, 1,
    11, 3, 0, -3, 7, -3, 0, 0,
    0, 0, 0, 0, 0, 0, 0, 0,
    0, 0, 0, 0, 0, 0, 0, 0,
    0, 0, 0, 0, 0, 0, 0, 0,
    0, 0, -14, 0, 0, 0, -17, -7,
    0, 0, -20, 0, -20, 5, 5, -8,
    -17, 3, 0, -1, -9, -1, -1, 0,
    0, 0, 0, 0, 0, 0, 0, 0,
    0, 0, 0, 0, 0, 0, 0, 0,
    0, 0, 0, 0, 0, 0, 0, 0,
    0, 0, 0, -14, 0, 0, 0, 0,
    0, 0, 0, 0, 0, 0, 0, 0,
    0, 0, 0, 0, 0, 0, 0, 0,
    0, 0, 0, 0, 0, 0, 7, 0,
    -20, 0, 0, 0, 0, -20, 0, 0,
    0, 20, 0, 0, 0, 0, 0, 0,
    0, 0, 0, 0, 0, 0, 0, 0,
    0, 0, 0, 0, 0, 0, 0, 0,
    0, 0, 0, 7, 0, 7, -27, 0,
    0, 0, 0, 0, 0, 0, 0, 0,
    0, 0, 0, 0, 0, 0, 0, 0,
    0, 0, 0, 0, 0, 0, 0, 0,
    0, 0, 0, 0, 0, 0, -14, 0,
    0, -7, 0, -61, 0, 0, -27, 0,
    0, 0, 0, 0, 0, 0, 0, 0,
    0, 0, 0, 0, -55, 0, 7, -14,
    16, -3, -61, -12, -37, -31, 0, -57,
    0, 4, -4, -18, 0, 0, 0, -29,
    0, -29, -23, 0, -26, 0, 0, 0,
    0, 0, 0, -7, 0, 0, 0, 0,
    0, 0, 0, 0, 0, 0, 0, 0,
    0, 0, 0, 0, 0, 0, 0, 0,
    0, 0, 0, -7, -1, -6, -8, 0,
    -12, 0, 5, 5, 0, 0, 0, 0,
    0, 0, 0, 0, 0, 0, 0, 0,
    0, 0, 0, 7, 20, 0, 0, 7,
    -14, 14, 0, 0, 0, 0, 0, 0,
    0, 0, 0, 0, 0, 0, 0, 0,
    7, -11, 0, 0, 13, 0, 14, 13,
    -10, 6, 5, 9, 2, 0, 0, 0,
    0, 0, 0, -20, -14, 0, -7, 0,
    0, 0, 0, 0, 0, 0, 0, 0,
    -14, 0, -14, 0, 0, 0, 0, 0,
    0, 0, 0, 0, 0, 0, 0, -7,
    0, -14, 0, -28, -2, -24, 0, -5,
    -7, -27, -24, -14, 0, 9, 7, 0,
    0, 5, 0, 0, 0, 0, 0, 0,
    0, 0, 0, 0, 0, 0, 14, 0,
    0, 0, 0, 0, 0, 0, 0, 0,
    0, 0, 0, 0, 0, 0, 0, 0,
    0, 0, 0, -6, 0, 0, 0, 0,
    0, 0, 0, 0, 0, 0, -13, 0,
    0, 0, 0, 0, 0, -3, -7, 0,
    -5, 0, 0, -7, 0, 0, -27, 14,
    0, 0, -82, 0, -48, 0, 0, 0,
    0, 0, 0, 0, 0, 0, 0, 0,
    0, 0, 0, -37, -8, -55, 0, 7,
    0, 0, 0, 0, 0, 0, -15, -10,
    0, 0, -15, -14, 0, -9, -7, 0,
    -20, -2, -14, 0, 0, 0, 0, 0,
    0, 0, 0, 0, 0, 0, 0, 0,
    0, 0, 0, 0, 0, 0, 0, 0,
    0, 0, 0, 0, 0, 0, 0, 0,
    -9, 0, -11, -12, -7, -23, 0, 0,
    0, 0, 0, 0, 0, 0, 0, 0,
    0, 0, 0, 0, 0, 0, 0, 0,
    0, 0, 0, 0, 0, 0, 0, 0,
    0, 0, 0, 0, 0, 0, 0, 0,
    0, 0, 0, 0, 0, 0, 0, 0,
    0, 0, 0, 0, 0, 0, 0, 0,
    0, 0, 0, 0, 0, 0, -7, 0,
    0, 0, 0, 0, 0, 0, 0, 0,
    0, -7, 0, 0, 0, -20, 0, -14,
    0, 0, 0, 0, 0, 0, 0, 0,
    0, 0, 0, 0, 0, 0, -12, 0,
    -14, 0, 0, 0, 0, 0, 0, 0,
    0, 0, 0, 0, 0, 0, 0, 0,
    0, 0, 0, 0, 0, 0, 0, -7,
    0, 0, -7, 0, -14, 0, 0, -41,
    0, 0, 0, 0, 0, 0, 0, 0,
    0, 0, 0, 0, 0, 0, 0, 0,
    -25, 0, 0, 0, -10, 0, 0, 0,
    0, 0, -3, -17, 0, 0, 0, 0,
    0, -8, -45, -34, 0, -37, 0, 0,
    -20, 0, 0, 0, 0, -89, 0, 7,
    -48, 0, 0, 0, 0, 0, 0, 0,
    0, 0, 0, 0, 0, 0, 0, 0,
    14, -22, 14, 0, -72, 0, -55, -48,
    0, -76, 0, 8, -10, 0, 0, 0,
    0, 0, 0, -41, -27, 0, -34, 0,
    0, 0, 0, 0, -34, -14, 0, 0,
    -96, -20, -55, 0, 0, 0, 0, 0,
    0, 0, 0, 0, 0, 0, 0, 7,
    0, -41, 0, -89, 0, 0, 0, 0,
    0, -27, -14, 0, -5, -12, 0, 0,
    0, 0, 0, 0, 20, 0, 0, 5,
    0, 0, 0, 0, 0, -14, 0, -7,
    0, 0, -14, 0, 0, 0, 0, 0,
    0, 0, 0, 0, 0, 0, 0, 0,
    3, 0, 0, -3, 0, 0, -10, 0,
    -3, -1, 0, -15, 0, -3, -16, 0,
    0, 0, 0, 0, 0, 9, 8, 0,
    3, 0, 0, 0, 0, 0, 7, 0,
    0, 0, 0, 0, 0, 0, 0, 0,
    0, 0, 0, 0, 0, 0, 0, 0,
    0, 0, 0, -8, 2, -10, 0, -3,
    0, -6, -6, 0, -15, 0, 4, 3,
    0, 0, 0, 0, -12, 2, -16, -16,
    0, -14, 0, 0, -7, 14, 0, -41,
    7, 14, 0, -68, -89, -68, 0, 0,
    0, 0, 0, 0, 0, 0, 0, 0,
    -20, 0, 7, 0, -61, -24, -75, -13,
    7, 0, 17, 14, 0, 7, 0, -66,
    -83, -14, 0, -55, -68, 0, -66, -75,
    -55, -55, -61, -61, 0, 0, 0, 0,
    -7, 0, 0, 0, -20, 0, -14, 0,
    0, 0, 0, 0, 0, 0, 0, 0,
    0, 0, 0, 0, 0, -12, 0, 0,
    0, 0, 0, 0, 0, 0, 0, 0,
    0, 0, 0, 0, 0, 0, 0, 0,
    0, 0, 0, 0, 0, 0, -14, 0,
    0, -34, 7, 0, 0, -55, -27, 0,
    0, 0, 0, 0, 0, 0, 0, 0,
    0, 0, 0, 0, 14, 0, -37, -5,
    -39, -6, 17, 0, 7, 0, 0, 7,
    0, -29, -35, 0, 0, -24, -34, 0,
    -20, -14, 0, 0, 0, -20, 0, -7,
    0, 0, -27, 7, 0, 0, -34, -14,
    0, 0, 0, 0, 0, 0, 0, 0,
    0, 0, 0, 0, 0, 14, 0, -31,
    -7, -41, -6, 14, 0, 0, 7, 0,
    0, 0, -20, -30, 0, 0, -16, -27,
    0, -14, 0, 0, -14, -7, -20, 0,
    0, 0, 0, -7, 0, 0, 0, 0,
    -41, 0, 0, 0, 0, 0, 0, 0,
    0, 0, 0, 0, 0, 0, 0, 0,
    0, -34, 0, 0, 0, 0, 0, 0,
    0, 0, 0, 0, -22, 0, 0, 0,
    0, 0, 0, -38, -34, 0, -41, 0,
    0, -14, 0, 0, -55, 14, 0, 0,
    -82, -61, -68, 0, 0, 0, 0, 0,
    0, 0, 0, 0, 0, -20, 0, 0,
    0, -57, -24, -75, -20, 7, 0, 7,
    0, 0, 0, 0, -61, -72, -34, 0,
    -49, -74, -20, -55, -44, -41, -55, -20,
    -48, 0, 0, 0, 0, -14, 0, 0,
    0, 0, 0, 0, 0, 0, 0, 0,
    0, 0, 0, 0, 0, 0, 0, 0,
    14, 0, 0, -14, 0, 0, 0, 0,
    0, 0, 0, 0, 0, 0, -14, 0,
    0, 0, 0, 0, 0, -14, -20, 0,
    -14, 0, 0, 0, -14, 0, 0, 0,
    -20, 0, 0, -7, 0, 0, 0, 0,
    0, 0, 0, 0, 0, 0, 0, 0,
    0, -34, 0, 0, 0, 0, 0, 0,
    0, 0, 0, 0, 0, 0, 0, 0,
    -9, 0, 0, 0, -6, -1, -11, -11,
    0, -10, -3, 0, 0, 0, 0, 0,
    -7, -20, 0, -14, 7, 0, 0, 0,
    0, 0, 0, 0, 0, 0, 0, 0,
    0, 0, -41, 0, 0, 0, 0, 0,
    0, 0, 0, 0, 0, 0, 0, 0,
    4, -7, 0, 0, 0, -12, 0, -4,
    -4, -17, -5, -11, 0, 0, 0, 0,
    0, 0, 0, 0, 0, 0, 7, 0,
    0, 0, 0, 0, 0, 0, 0, 0,
    0, 0, 0, 0, 0, 0, 0, 0,
    0, 0, 0, 0, 0, 0, 0, 0,
    5, -8, 10, 0, 0, 0, 2, -1,
    1, 1, 0, 1, -1, 0, 0, 0,
    0, 0, 0, -24, 0, 0, 0, 0,
    0, 0, 0, 0, 0, 0, 0, 0,
    0, 0, 0, 0, -34, 0, 0, 0,
    0, 0, 0, 0, 0, 0, 0, 0,
    0, -5, 2, -5, 0, 0, 1, -5,
    0, 0, -5, -12, 0, -5, 0, 0,
    14, 0, -27, 41, 32, 0, -27, -27,
    -27, 0, 0, 0, 0, 0, 0, 0,
    0, 0, 0, 7, 0, 27, -14, 0,
    0, 0, 0, 0, 0, 0, 0, 0,
    0, 0, -3, -11, 1, 0, 0, 2,
    5, 0, 12, 5, 0, 12, 0, 0,
    0, 0, 0, 0, 0, 0, 0, 0,
    0, 0, 0, 0, 0, 0, 0, 0,
    0, 0, 0, 0, 0, 0, -14, 0,
    0, 0, 0, 0, 0, 0, 0, 0,
    0, 0, 0, 0, 0, 0, 7, 0,
    0, 0, 0, 0, 0, 0, 0, 0,
    0, 0, 0, 0, 0, 0, 14, 0,
    0, 0, 0, 0, 0, 0, 0, 0,
    0, 0, 0, 0, 0, 0, 0, 0,
    0, 0, 0, 0, 0, 0, 0, 0,
    0, 0, 0, 0, 0, 0, 0, 12,
    0, 0, 0, 0, 0, 0, 0, 0,
    0, 0, 0, 0, 0, -14, 0, 0,
    0, 7, -27, 0, 0, 0, 0, 0,
    0, 0, 0, 0, 0, 0, 0, 0,
    -7, 0, 0, 0, 0, 0, 0, 0,
    0, 0, 0, 0, 0, -2, -18, 0,
    0, 0, -3, -2, 0, 0, 0, 0,
    0, 0, 0, 0, 0, 0, 0, 0,
    0, 0, 0, 0, 0, 0, 0, 0,
    0, 0, 0, 0, 0, 0, 0, 0,
    0, 0, 0, 0, 0, 0, 0, 0,
    0, 0, 0, 0, 0, 0, 0, 0,
    0, 31, 0, 0, 0, 0, 0, 0,
    0, 0, 0, 0, 0, 0, 0, 0,
    0, 14, 0, -55, -14, -27, 0, 0,
    0, 0, 0, 0, 0, 0, 0, 0,
    0, 0, 0, 0, 0, 0, 0, 0,
    0, 0, 0, 0, 0, 0, 0, -6,
    -15, 8, 0, 0, -8, 10, 0, 13,
    10, 0, 15, 0, 0, 0, 0, 0,
    0, 0, -7, 0, 0, 0, 0, 0,
    0, 0, 0, 0, 0, 0, 0, 0,
    0, 0, 0, -27, 0, 0, 0, 0,
    0, 0, 0, 0, 0, 0, 0, 0,
    3, 1, -1, 0, 0, 0, -4, 0,
    1, -1, -7, -1, -2, 0, 0, 0,
    0, 0, 0, 7, 0, 14, -14, 14,
    0, 0, 0, 0, 0, 0, 0, 0,
    0, 0, 0, 0, 6, 0, 0, 0,
    0, 0, 0, 0, 0, 0, 0, 0,
    0, 1, -10, -2, 0, 0, 5, 1,
    -1, 11, 8, 5, 10, 1, 0, 0,
    0, 0, 0, 0, 0, 0, 0, 0,
    0, 0, 0, 0, 0, 0, 0, 0,
    0, 0, 0, 0, 0, -7, 0, 0,
    0, 0, 0, 0, 0, 0, 0, 0,
    0, 0, 0, 0, 0, 0, 0, 0,
    0, 0, 0, 0, 0, 0, 0, 0,
    0, 0, 0, -7, 0, 0, 0, -34,
    -7, -20, 0, 0, 0, 0, 0, 0,
    0, 0, 0, 0, 0, 0, 0, 0,
    0, 0, 0, 0, 0, 0, 0, 0,
    0, 0, 0, -4, -4, 13, 0, 0,
    1, 16, 0, 0, 0, 0, 0, 0,
    0, 0, 0, 0, -14, 0, 0, 0,
    -34, -7, -14, 0, 0, 0, 0, 0,
    0, 0, 0, 0, 0, 0, 0, 0,
    0, 0, 0, 0, 0, 0, 0, 0,
    0, 0, 0, 0, -4, -4, 8, 0,
    0, 0, 12, 0, 0, 0, 0, 0,
    0, 0, 0, 0, 0, -7, 0, 0,
    0, 0, -27, 0, 0, 0, 0, 0,
    0, 0, 0, 0, 0, 0, 0, 0,
    0, 0, 0, 0, 0, 0, 0, 0,
    0, 0, 0, 0, 0, 0, -17, 0,
    0, 0, -2, 1, -9, 0, 0, 0,
    0, 0, 0, -7, 0, 0, -14, 0,
    0, 0, -41, -14, -34, 0, 0, 0,
    0, 0, 0, 0, 0, 0, 0, 0,
    0, 0, 0, 0, 0, 0, 0, 0,
    0, 0, 0, 0, 0, 0, -4, -5,
    13, 0, 0, 2, 14, 0, 0, 0,
    0, 0, 0, 0, 0, 0, 0, -14,
    0, 0, 0, 0, -20, 0, 0, 0,
    0, 0, 0, 0, 0, 0, 0, 0,
    0, 0, 0, 0, 0, 0, 0, 0,
    0, 0, 0, 0, 0, 0, 0, -6,
    -11, 0, 0, 0, -2, -1, 0, 0,
    0, 0, 0, 0, 0, 0, 0, 0,
    0, 0, 0, 0, 0, 0, 0, 0,
    0, -14, -7, -68, 0, -20, 0, -14,
    0, 0, 0, 0, 0, 0, 0, 0,
    0, 0, 0, 0, 0, 0, 0, 0,
    0, 0, 0, 0, 0, 0, 0, 0,
    0, 0, 0, 0, 0, 0
};


/*Collect the kern class' data in one place*/
static const lv_font_fmt_txt_kern_classes_t kern_classes_bold_48 =
{
    .class_pair_values   = kern_class_values_bold_48,
    .left_class_mapping  = kern_left_class_mapping_bold_48,
    .right_class_mapping = kern_right_class_mapping_bold_48,
    .left_class_cnt      = 62,
    .right_class_cnt     = 49,
};

/*--------------------
 *  ALL CUSTOM DATA
 *--------------------*/

#if LVGL_VERSION_MAJOR == 8
/*Store all the custom data of the font*/
static  lv_font_fmt_txt_glyph_cache_t cache_bold_48;
#endif

#if LVGL_VERSION_MAJOR >= 8
static const lv_font_fmt_txt_dsc_t font_dsc_bold_48 = {
#else
static lv_font_fmt_txt_dsc_t font_dsc_bold_48 = {
#endif
    .glyph_bitmap = glyph_bitmap_bold_48,
    .glyph_dsc = glyph_dsc_bold_48,
    .cmaps = cmaps_bold_48,
    .kern_dsc = &kern_classes_bold_48,
    .kern_scale = 18,
    .cmap_num = 2,
    .bpp = 2,
    .kern_classes = 1,
    .bitmap_format = 0,
#if LVGL_VERSION_MAJOR == 8
    .cache = &cache_bold_48
#endif

};



/*-----------------
 *  PUBLIC FONT
 *----------------*/

/*Initialize a public general font descriptor*/
const lv_font_t LabGrotesque_Bold_48 = {
    .get_glyph_dsc = lv_font_get_glyph_dsc_fmt_txt,    /*Function pointer to get glyph's data*/
    .get_glyph_bitmap = lv_font_get_bitmap_fmt_txt,    /*Function pointer to get glyph's bitmap*/
    .line_height = 54,          /*The maximum line height required by the font*/
    .base_line = 10,             /*Baseline measured from the bottom of the line*/
#if !(LVGL_VERSION_MAJOR == 6 && LVGL_VERSION_MINOR == 0)
    .subpx = LV_FONT_SUBPX_NONE,
#endif
#if LV_VERSION_CHECK(7, 4, 0) || LVGL_VERSION_MAJOR >= 8
    .underline_position = -5,
    .underline_thickness = 4,
#endif
    .dsc = &font_dsc_bold_48,          /*The custom font data. Will be accessed by `get_glyph_bitmap/dsc` */
    .user_data = NULL,
};



#endif /*#if LABGROTESQUE_BOLD_48*/
